"","X","Id","Label","Interval","Weight","Dept","Orientation"
"1",1,"-0ppt6oAAAAJ","YURY O CHERNOFF ",0,1,"BIO",NA
"2",2,"-5ZxgGsAAAAJ","KENNETH DON MILLER ",0,1,"BIO",NA
"3",3,"-6cOYcYAAAAJ","STEVEN MAXWELL SEITZ ",0,1,"CS",NA
"4",4,"-aQaHIoAAAAJ","GIACOMO BERNARDI ",0,1,"BIO",NA
"5",5,"-Dg42W8AAAAJ","SARA M LEWIS ",0,1,"BIO",NA
"6",6,"-GT5PAkAAAAJ","PAUL ANTHONY FISHWICK ",0,1,"CS",NA
"7",7,"-had2Q8AAAAJ","DAVID G DRUBIN ",0,1,"BIO",NA
"8",8,"-HwCwkAAAAAJ","MARC S MANGEL ",0,1,"BIO",NA
"9",9,"-Jbd9DsAAAAJ","GOPAL GUPTA ",0,1,"CS",NA
"10",10,"MwIL3roAAAAJ","BHARAT JAYARAMAN ",0,1,"CS",NA
"11",11,"-LyegNoAAAAJ","NEAL F LUE ",0,1,"BIO",NA
"12",12,"-m5wrTkAAAAJ","GAUTAM BISWAS ",0,1,"CS",NA
"13",13,"-PWYRzIAAAAJ","GRETCHEN E HOFMANN ",0,1,"BIO",NA
"14",14,"-spRnaQAAAAJ","JAVED ALEXANDER ASLAM ",0,1,"CS",NA
"15",15,"6qE0tdAAAAAJ","RONALD L RIVEST ",0,1,"CS",NA
"16",16,"-teHhxwAAAAJ","MARK A PEIFER ",0,1,"BIO",NA
"17",17,"-UyfaYEAAAAJ","STANLEY FALKOW ",0,1,"BIO",NA
"18",18,"Lb4-GKsAAAAJ","DAVID A RELMAN ",0,1,"BIO",NA
"19",19,"puOEoqoAAAAJ","THOMAS M SCHMIDT ",0,1,"BIO",NA
"20",20,"-yrzguMAAAAJ","SRINIVAS DEVADAS ",0,1,"CS",NA
"21",21,"-YvgZDEAAAAJ","ABRAHAM SILBERSCHATZ ",0,1,"CS",NA
"22",22,"00M1AqQAAAAJ","JOHN DAVID KUBIATOWICZ ",0,1,"CS",NA
"23",23,"01EOkNEAAAAJ","ROEL NUSSE ",0,1,"BIO",NA
"24",24,"l5mmRVoAAAAJ","HENK ROELINK ",0,1,"BIO",NA
"25",25,"04pdXhgAAAAJ","PEIXUAN GUO ",0,1,"BIO",NA
"26",26,"05UuCNQAAAAJ","JERRY M MELILLO ",0,1,"BIO",NA
"27",27,"060zUaAAAAAJ","KAREN L CARLETON ",0,1,"BIO",NA
"28",28,"0ahvXiEAAAAJ","MICHAEL P CUMMINGS ",0,1,"BIO",NA
"29",29,"0cy3s0AAAAAJ","RACHEL D GREEN ",0,1,"BIO",NA
"30",30,"A0XsdIMAAAAJ","ANDREW D ELLINGTON ",0,1,"BIO",NA
"31",31,"Sha9_3YAAAAJ","J MICHAEL CHERRY ",0,1,"BIO",NA
"32",32,"0e8QmOMAAAAJ","JEFFREY L DENBURG ",0,1,"BIO",NA
"33",33,"0ESwQagAAAAJ","THOMAS J GIVNISH ",0,1,"BIO",NA
"34",34,"0IHc9DUAAAAJ","CARL K CHANG ",0,1,"CS",NA
"35",35,"0iJRaawAAAAJ","JAMES P COHOON ",0,1,"CS",NA
"36",36,"0nBysEcAAAAJ","ALFRED KOBSA ",0,1,"CS",NA
"37",37,"0oj4N0sAAAAJ","EDMUND D BRODIE ",0,1,"BIO",NA
"38",38,"0RMteS0AAAAJ","SHIVAKANT MISHRA ",0,1,"CS",NA
"39",39,"hmq4rGIAAAAJ","LARRY L PETERSON ",0,1,"CS",NA
"40",40,"0skgDnMAAAAJ","ALFRED CHARLES WEAVER ",0,1,"CS",NA
"41",41,"0sU4eAwAAAAJ","VICTORIA J ROWNTREE ",0,1,"BIO",NA
"42",42,"0udXcCEAAAAJ","DON J MELNICK ",0,1,"BIO",NA
"43",43,"0VzUxIcAAAAJ","DARRELL WHITLEY ",0,1,"CS",NA
"44",44,"0XV1sFsAAAAJ","SIMON SINSING LAM ",0,1,"CS",NA
"45",45,"0y6JDD4AAAAJ","MAHADEV SATYANARAYANAN ",0,1,"CS",NA
"46",46,"0YlwI5MAAAAJ","BRUCE TIDOR ",0,1,"CS",NA
"47",47,"0zZnyMEAAAAJ","WILLIAM T FREEMAN ",0,1,"CS",NA
"48",48,"17FnXRkAAAAJ","CARY O HARDING ",0,1,"BIO",NA
"49",49,"17H27fYAAAAJ","SARA C HOTCHKISS ",0,1,"BIO",NA
"50",50,"1a17o2YAAAAJ","DAVID JOSEPH SULLIVAN ",0,1,"BIO",NA
"51",51,"1fEZ_osAAAAJ","BABA C VEMURI ",0,1,"CS",NA
"52",52,"pKuBFaQAAAAJ","DEMETRI TERZOPOULOS ",0,1,"CS",NA
"53",53,"1HYDaVIAAAAJ","JAMES D ASPNES ",0,1,"CS",NA
"54",54,"1h_0s3wAAAAJ","SUSAN KAYE MCCONNELL ",0,1,"BIO",NA
"55",55,"y0lYi-cAAAAJ","MICHAEL E DAILEY ",0,1,"BIO",NA
"56",56,"1jE4flwAAAAJ","DONALD ALVIN LEVIN ",0,1,"BIO",NA
"57",57,"1nr7TU0AAAAJ","BRANDON S GAUT ",0,1,"BIO",NA
"58",58,"1NtRHc4AAAAJ","L THORNE MCCARTY ",0,1,"CS",NA
"59",59,"8ys-38kAAAAJ","WILLIAM W COHEN ",0,1,"CS",NA
"60",60,"1s3GeggAAAAJ","PHILIP A REA ",0,1,"BIO",NA
"61",61,"1somGYUAAAAJ","MILTON H SAIER ",0,1,"BIO",NA
"62",62,"1UnT11UAAAAJ","PETER B SARGENT ",0,1,"BIO",NA
"63",63,"1uX0rugAAAAJ","THOMAS P SAKMAR ",0,1,"BIO",NA
"64",64,"1u_MQY8AAAAJ","JOHN HJ PETRINI ",0,1,"BIO",NA
"65",65,"1vk3NxsAAAAJ","ANDREAS MATOUSCHEK ",0,1,"BIO",NA
"66",66,"1WIPsm0AAAAJ","MICHAEL JOSEPH RYAN ",0,1,"BIO",NA
"67",67,"1wq5H9oAAAAJ","ROBERT A WEINBERG ",0,1,"BIO",NA
"68",68,"1z3mv7EAAAAJ","LUBERT STRYER ",0,1,"BIO",NA
"69",69,"AzdflHYAAAAJ","THEODORE G WENSEL ",0,1,"BIO",NA
"70",70,"qRAMJHgAAAAJ","TOBIAS MEYER ",0,1,"BIO",NA
"71",71,"2-jY1SQAAAAJ","KEVIN J SULLIVAN ",0,1,"CS",NA
"72",72,"22aEccUAAAAJ","EDWARD C THERIOT ",0,1,"BIO",NA
"73",73,"25pGNr8AAAAJ","DIANE C SLUSARSKI ",0,1,"BIO",NA
"74",74,"27ytbx8AAAAJ","JAMES T KADONAGA ",0,1,"BIO",NA
"75",75,"2aSu29oAAAAJ","ARDEM PATAPOUTIAN ",0,1,"BIO",NA
"76",76,"2Ay8qC4AAAAJ","ANNE MOSCONA ",0,1,"BIO",NA
"77",77,"2Bbi09MAAAAJ","TERRENCE G OAS ",0,1,"BIO",NA
"78",78,"2Bc3UN4AAAAJ","ROBERT T COLLINS ",0,1,"CS",NA
"79",79,"2ewb-10AAAAJ","MARIA L GINI ",0,1,"CS",NA
"80",80,"2FbkAzYAAAAJ","MANUELA M VELOSO ",0,1,"CS",NA
"81",81,"uSfaEgUAAAAJ","JAIME G CARBONELL ",0,1,"CS",NA
"82",82,"2ftJYXMAAAAJ","ROY HAROLD CAMPBELL ",0,1,"CS",NA
"83",83,"2G1KglQAAAAJ","JEAN TOBY GREENBERG ",0,1,"BIO",NA
"84",84,"2gggOEIAAAAJ","HESSAM S SARJOUGHIAN ",0,1,"CS",NA
"85",85,"2hg5lYIAAAAJ","TAPAN K SARKAR ",0,1,"CS",NA
"86",86,"2i7uayYAAAAJ","DAVI GEIGER ",0,1,"CS",NA
"87",87,"FJ-huxgAAAAJ","ALAN L YUILLE ",0,1,"CS",NA
"88",88,"2jRpisYAAAAJ","AJAY D KSHEMKALYANI ",0,1,"CS",NA
"89",89,"2kXsgI4AAAAJ","CHITA RANJAN DAS ",0,1,"CS",NA
"90",90,"2lpCLIYAAAAJ","JORGE M SOBERON ",0,1,"BIO",NA
"91",91,"2LQimEIAAAAJ","ROGER M WARTELL ",0,1,"BIO",NA
"92",92,"2mkaUvkAAAAJ","TYLER A VOLK ",0,1,"BIO",NA
"93",93,"FyhRqdYAAAAJ","MICHAEL R RAMPINO ",0,1,"BIO",NA
"94",94,"2nGk3QQAAAAJ","MARGARET A PALMER ",0,1,"BIO",NA
"95",95,"2oclnIwAAAAJ","MATT BISHOP ",0,1,"CS",NA
"96",96,"2OJOZTUAAAAJ","BOLESLAW K SZYMANSKI ",0,1,"CS",NA
"97",97,"2oSSsLYAAAAJ","RICK L STEVENS ",0,1,"CS",NA
"98",98,"VGoSakQAAAAJ","IAN T FOSTER ",0,1,"CS",NA
"99",99,"2oy3OXYAAAAJ","STUART J RUSSELL ",0,1,"CS",NA
"100",100,"7eC3KMkAAAAJ","DEVIKA SUBRAMANIAN ",0,1,"CS",NA
"101",101,"2pW1g5IAAAAJ","MIHIR M BELLARE ",0,1,"CS",NA
"102",102,"2PxFftgAAAAJ","JOHN THOMAS STASKO ",0,1,"CS",NA
"103",103,"2SF6AXQAAAAJ","CARLO M CROCE ",0,1,"BIO",NA
"104",104,"2SmbjHAAAAAJ","RISTO P MIIKKULAINEN ",0,1,"CS",NA
"105",105,"2tT-FokAAAAJ","DONALD ASHLEY BRYANT ",0,1,"BIO",NA
"106",106,"3-gk0ioAAAAJ","ODED REGEV ",0,1,"CS",NA
"107",107,"3-PRZG0AAAAJ","PETER MICHAEL KOGGE ",0,1,"CS",NA
"108",108,"33k5ZFwAAAAJ","JOHN Y KUWADA ",0,1,"BIO",NA
"109",109,"37frPb8AAAAJ","SALIL PRAVIN VADHAN ",0,1,"CS",NA
"110",110,"gqB23VMAAAAJ","AMIT SAHAI ",0,1,"CS",NA
"111",111,"38ev4xkAAAAJ","DAVID F FERNANDEZ-BACA ",0,1,"CS",NA
"112",112,"3Dw_GVEAAAAJ","JOSEPH D TERWILLIGER ",0,1,"BIO",NA
"113",113,"3FunQ3UAAAAJ","SCOTT KEENEY ",0,1,"BIO",NA
"114",114,"3meGuI8AAAAJ","SUSAN IRMA GIBSON ",0,1,"BIO",NA
"115",115,"PyuqtQcAAAAJ","JAMES LESLIE BECK ",0,1,"CS",NA
"116",116,"3p3advkAAAAJ","JEFFREY W SHULTZ ",0,1,"BIO",NA
"117",117,"3pZs3j0AAAAJ","SHREE K NAYAR ",0,1,"CS",NA
"118",118,"LQ87h3sAAAAJ","TAKEO KANADE ",0,1,"CS",NA
"119",119,"3S5qpXsAAAAJ","CARL A GUNTER ",0,1,"CS",NA
"120",120,"3xIRwTgAAAAJ","BARNEY A SCHLINGER ",0,1,"BIO",NA
"121",121,"3XYmsKQAAAAJ","MUKKAI S KRISHNAMOORTHY ",0,1,"CS",NA
"122",122,"U-0PM_cAAAAJ","B DAVID SAUNDERS ",0,1,"CS",NA
"123",123,"3_WYcR4AAAAJ","DEBORAH E ESTRIN ",0,1,"CS",NA
"124",124,"CZyWk8kAAAAJ","LIXIA ZHANG ",0,1,"CS",NA
"125",125,"41m5j04AAAAJ","CHILUKURI KRISHNA MOHAN ",0,1,"CS",NA
"126",126,"j7WSgbwAAAAJ","SANJAY RANKA ",0,1,"CS",NA
"127",127,"4aheXvQAAAAJ","MINDY L MILLARD-STAFFORD ",0,1,"BIO",NA
"128",128,"4arkOLcAAAAJ","OUSSAMA KHATIB ",0,1,"CS",NA
"129",129,"4EQ2zFYAAAAJ","CELIA A SCHIFFER ",0,1,"BIO",NA
"130",130,"4ew4MwwAAAAJ","PETER G THOMAS ",0,1,"BIO",NA
"131",131,"4Mj-BjwAAAAJ","MARY JANE IRWIN ",0,1,"CS",NA
"132",132,"4n8JCSgAAAAJ","RALF D BROWN ",0,1,"CS",NA
"133",133,"4OOz4DcAAAAJ","JOHN DORRANCE MINNA ",0,1,"BIO",NA
"134",134,"4pkd0FsAAAAJ","RICHARD L STROSHINE ",0,1,"BIO",NA
"135",135,"4pWpdEIAAAAJ","LLOYD W MASSENGILL ",0,1,"CS",NA
"136",136,"4q6YakgAAAAJ","JAMES J CIMINO ",0,1,"BIO",NA
"137",137,"OOLe2TIAAAAJ","CAROL FRIEDMAN ",0,1,"BIO",NA
"138",138,"4R7_wW8AAAAJ","CHRIS SANDER ",0,1,"BIO",NA
"139",139,"4SYHiigAAAAJ","MARK KIRKPATRICK ",0,1,"BIO",NA
"140",140,"4tJhnt8AAAAJ","JOHN R ROTH ",0,1,"BIO",NA
"141",141,"4U1F6tcAAAAJ","JOHN HR MAUNSELL ",0,1,"BIO",NA
"142",142,"4uiMIaEAAAAJ","THOMAS L CASAVANT ",0,1,"BIO",NA
"143",143,"4veQB4cAAAAJ","NORMAN ARNHEIM ",0,1,"BIO",NA
"144",144,"4VJre9IAAAAJ","JOHN A STANKOVIC ",0,1,"CS",NA
"145",145,"4XyoYbAAAAAJ","GARY M OLSON ",0,1,"CS",NA
"146",146,"xfwOz_kAAAAJ","JUDITH S OLSON ",0,1,"CS",NA
"147",147,"4Y2pXqoAAAAJ","ROBERTO B CATTANEO ",0,1,"BIO",NA
"148",148,"54w2_AcAAAAJ","ROCH ANDRE GUERIN ",0,1,"CS",NA
"149",149,"55pOyCkAAAAJ","KENNETH H NEALSON ",0,1,"BIO",NA
"150",150,"56qcx4MAAAAJ","DANIEL D CORKILL ",0,1,"CS",NA
"151",151,"5Aut7EEAAAAJ","GARRISON WEEKS COTTRELL ",0,1,"CS",NA
"152",152,"5CH2x_YAAAAJ","NANCY A MORAN ",0,1,"BIO",NA
"153",153,"5H0arvkAAAAJ","DAVID ALEXANDER FORSYTH ",0,1,"CS",NA
"154",154,"5iXE9k0AAAAJ","JERRY WILLIAM SHAY ",0,1,"BIO",NA
"155",155,"5lBWbGkAAAAJ","THOMAS K WOOD ",0,1,"BIO",NA
"156",156,"5LsAK74AAAAJ","JEFFREY W ROBERTS ",0,1,"BIO",NA
"157",157,"5m-oAesAAAAJ","SARITA V ADVE ",0,1,"CS",NA
"158",158,"5OSMezYAAAAJ","MARY C FARACH-CARSON ",0,1,"BIO",NA
"159",159,"5oU0wxcAAAAJ","MARTHA E POLLACK ",0,1,"CS",NA
"160",160,"5PboKNAAAAAJ","DOUGLAS C MONTGOMERY ",0,1,"CS",NA
"161",161,"5pV6DQ4AAAAJ","STEPHEN H EDWARDS ",0,1,"CS",NA
"162",162,"5wgTi1AAAAAJ","STEPHANE LAFORTUNE ",0,1,"CS",NA
"163",163,"628Jn7UAAAAJ","STUART CHARLES SHAPIRO ",0,1,"CS",NA
"164",164,"67aYFTQAAAAJ","DANA H BALLARD ",0,1,"CS",NA
"165",165,"6enh82kAAAAJ","VENKAT N VENKATAKRISHNAN ",0,1,"CS",NA
"166",166,"6HE56R8AAAAJ","DENNIS M VOLPANO ",0,1,"CS",NA
"167",167,"Ormag-QAAAAJ","DAVID GRIES ",0,1,"CS",NA
"168",168,"6hPAjdYAAAAJ","ALAN RICHARD TALL ",0,1,"BIO",NA
"169",169,"6IHX8J4AAAAJ","HENNING GUNTHER SCHULZRINNE ",0,1,"CS",NA
"170",170,"6IxWYR0AAAAJ","LINDA RUTH PETZOLD ",0,1,"CS",NA
"171",171,"6JEDxqcAAAAJ","ANAND RANGARAJAN ",0,1,"CS",NA
"172",172,"6KUiLfAAAAAJ","DEAN R APPLING ",0,1,"BIO",NA
"173",173,"6P4bGWAAAAAJ","RAJIV GUPTA ",0,1,"CS",NA
"174",174,"KWiJaj8AAAAJ","MARY LOU SOFFA ",0,1,"CS",NA
"175",175,"r49_E2cAAAAJ","CLIFFORD STEIN ",0,1,"CS",NA
"176",176,"V5FJ6pIAAAAJ","THOMAS H CORMEN ",0,1,"CS",NA
"177",177,"6t7Zm4oAAAAJ","GERRIT HOOGENBOOM ",0,1,"BIO",NA
"178",178,"7cys8kgAAAAJ","JAMES W JONES ",0,1,"BIO",NA
"179",179,"6UTCD84AAAAJ","JANET BRAAM ",0,1,"BIO",NA
"180",180,"6vXTtDQAAAAJ","SAMIR KHULLER ",0,1,"CS",NA
"181",181,"KICA5DoAAAAJ","JOSEPH SB MITCHELL ",0,1,"CS",NA
"182",182,"6Yne-voAAAAJ","A GREGORY MATERA ",0,1,"BIO",NA
"183",183,"6YU6_QoAAAAJ","SCOTT E HUDSON ",0,1,"CS",NA
"184",184,"6Z88TncAAAAJ","DAVID L HERRIN ",0,1,"BIO",NA
"185",185,"7AUq6CUAAAAJ","JAMES CA BARDWELL ",0,1,"BIO",NA
"186",186,"7btxQB0AAAAJ","FAWWAZ TAYSSIR ULABY ",0,1,"CS",NA
"187",187,"u0BOuAsAAAAJ","KAMAL SARABANDI ",0,1,"CS",NA
"188",188,"7BVA7tsAAAAJ","RUSTOM ANTIA ",0,1,"BIO",NA
"189",189,"7egtxu0AAAAJ","CHARLES V STEWART ",0,1,"CS",NA
"190",190,"VizsSmEAAAAJ","CHARLES R DYER ",0,1,"CS",NA
"191",191,"7FXtL98AAAAJ","DHABALESWAR K PANDA ",0,1,"CS",NA
"192",192,"MTZaRW4AAAAJ","SHARAD MEHROTRA ",0,1,"CS",NA
"193",193,"7K34d7cAAAAJ","SEBASTIAN B THRUN ",0,1,"CS",NA
"194",194,"7lVfIWYAAAAJ","MARK DONALD HILL ",0,1,"CS",NA
"195",195,"7oJoP0IAAAAJ","ALVA L COUCH ",0,1,"CS",NA
"196",196,"7P3t1woAAAAJ","DAVID C RICHARDSON ",0,1,"BIO",NA
"197",197,"7PeekG0AAAAJ","SIMON A LEVIN ",0,1,"BIO",NA
"198",198,"7t7dPnwAAAAJ","DAVID GREENSTEIN ",0,1,"BIO",NA
"199",199,"7vK1GRIAAAAJ","STEVEN HOMER ",0,1,"CS",NA
"200",200,"7zf7xGkAAAAJ","HOWARD C ELMAN ",0,1,"CS",NA
"201",201,"85KkItgAAAAJ","DANIEL J COSGROVE ",0,1,"BIO",NA
"202",202,"89vejUwAAAAJ","TED HERMAN ",0,1,"CS",NA
"203",203,"Bn0zSwQAAAAJ","ANISH KUMAR ARORA ",0,1,"CS",NA
"204",204,"GRGOG1AAAAAJ","MOHAMED G GOUDA ",0,1,"CS",NA
"205",205,"8AkiZd8AAAAJ","MICHAEL GLOTZER ",0,1,"BIO",NA
"206",206,"OGR--C0AAAAJ","JEAN GAUTIER ",0,1,"BIO",NA
"207",207,"8enm19QAAAAJ","JOEL H ROTHMAN ",0,1,"BIO",NA
"208",208,"8ExiKC0AAAAJ","ALAN L SELMAN ",0,1,"CS",NA
"209",209,"8fudeRAAAAAJ","PETER RALPH CAPPELLO ",0,1,"CS",NA
"210",210,"8fztli4AAAAJ","KEN Y GOLDBERG ",0,1,"CS",NA
"211",211,"D_JpQnAAAAAJ","MATTHEW T MASON ",0,1,"CS",NA
"212",212,"8gIklOMAAAAJ","DAVID LEE NEUHOFF ",0,1,"CS",NA
"213",213,"8I3rAqsAAAAJ","DANIEL CLIFFORD REED ",0,1,"BIO",NA
"214",214,"8iQk0DIAAAAJ","MICHAEL J KEARNS ",0,1,"CS",NA
"215",215,"8lkdGgsAAAAJ","JOSEPH C PASQUALE ",0,1,"CS",NA
"216",216,"8Lp0W54AAAAJ","RAMIN D ZABIH ",0,1,"CS",NA
"217",217,"8odG5jkAAAAJ","KEITH S DECKER ",0,1,"CS",NA
"218",218,"izMnGyMAAAAJ","VICTOR R LESSER ",0,1,"CS",NA
"219",219,"8Qu_gAMAAAAJ","SARA B KIESLER ",0,1,"CS",NA
"220",220,"8sz_AGoAAAAJ","UGO A BUY ",0,1,"CS",NA
"221",221,"8v1PvG1CERwC","KEITH CLAY ",0,1,"BIO",NA
"222",222,"8v3hRYcAAAAJ","JAMES JEFFREY BULL ",0,1,"BIO",NA
"223",223,"8vsRBCgAAAAJ","ROBERT K PEET ",0,1,"BIO",NA
"224",224,"90qiDCwAAAAJ","YOUSEF SAAD ",0,1,"CS",NA
"225",225,"9177npMAAAAJ","YUAN-FANG WANG ",0,1,"CS",NA
"226",226,"92mdADUAAAAJ","MILOS D ERCEGOVAC ",0,1,"CS",NA
"227",227,"9CC9gHoAAAAJ","THOMAS B SMITH ",0,1,"BIO",NA
"228",228,"9EkM1A8AAAAJ","TIMOTHY A RYAN ",0,1,"BIO",NA
"229",229,"9fg4Cf4AAAAJ","WILLIAM O LAMP ",0,1,"BIO",NA
"230",230,"9hvCdiQAAAAJ","LLOYD N TREFETHEN ",0,1,"CS",NA
"231",231,"9MSpWOUAAAAJ","KAI LI ",0,1,"CS",NA
"232",232,"9RlvgLEAAAAJ","STEVEN MICHAEL BELLOVIN ",0,1,"CS",NA
"233",233,"9s9o-JcAAAAJ","DAVID D CLARK ",0,1,"CS",NA
"234",234,"9VDFIQoAAAAJ","LENWOOD SCOTT HEATH ",0,1,"CS",NA
"235",235,"gg4kYgwAAAAJ","EDWARD A FOX ",0,1,"CS",NA
"236",236,"9XFx3VMAAAAJ","SHAMBHU J UPADHYAYA ",0,1,"CS",NA
"237",237,"9xnCrRgAAAAJ","KENNETH H DUNTON ",0,1,"BIO",NA
"238",238,"9Xv52PkAAAAJ","STANLEY J ROUX ",0,1,"BIO",NA
"239",239,"9Y2cn3EAAAAJ","JAMES H MORRIS ",0,1,"CS",NA
"240",240,"9Yd716IAAAAJ","CHITTA R BARAL ",0,1,"CS",NA
"241",241,"9yLaBrYAAAAJ","GEORGE A GEORGIOU ",0,1,"BIO",NA
"242",242,"9ZGqm5QAAAAJ","ANNA R KARLIN ",0,1,"CS",NA
"243",243,"a-qMWpwAAAAJ","JOHN PATRICK HAYES ",0,1,"CS",NA
"244",244,"A1NhsZgAAAAJ","STEPHEN NOWICKI ",0,1,"BIO",NA
"245",245,"A2t0N8AAAAAJ","RUTH G SHAW ",0,1,"BIO",NA
"246",246,"A45mhtsAAAAJ","LISA HELLERSTEIN ",0,1,"CS",NA
"247",247,"gVUD47sAAAAJ","PHILIP NATHAN KLEIN ",0,1,"CS",NA
"248",248,"A5XWspQAAAAJ","JAMES W GOLDEN ",0,1,"BIO",NA
"249",249,"a7LHl00AAAAJ","JOACHIM FRANK ",0,1,"BIO",NA
"250",250,"a7np7i8AAAAJ","THURE EDWARD CERLING ",0,1,"BIO",NA
"251",251,"a7VNhCIAAAAJ","DIMITRIS N METAXAS ",0,1,"CS",NA
"252",252,"A9tBw58AAAAJ","GENE D COOPERMAN ",0,1,"CS",NA
"253",253,"I4iKZSkAAAAJ","LARRY FINKELSTEIN ",0,1,"CS",NA
"254",254,"aB55FWAAAAAJ","JOHN MARTIN LOGSDON ",0,1,"BIO",NA
"255",255,"adm2PjUAAAAJ","DENNIS O CLEGG ",0,1,"BIO",NA
"256",256,"aiMWCUwAAAAJ","ARTHUR P ARNOLD ",0,1,"BIO",NA
"257",257,"ALGiEhQAAAAJ","GEORGE CHEERAN VERGHESE ",0,1,"CS",NA
"258",258,"aLOSzWwAAAAJ","THEODORE S RAPPAPORT ",0,1,"CS",NA
"259",259,"AmaB9c4AAAAJ","NANCY M AMATO ",0,1,"CS",NA
"260",260,"AN-_Gn8AAAAJ","FREDERICK R MAXFIELD ",0,1,"BIO",NA
"261",261,"aNFzP50AAAAJ","MARTIN A NOWAK ",0,1,"BIO",NA
"262",262,"Anq5D3YAAAAJ","JENNIFER K KNIGHT ",0,1,"BIO",NA
"263",263,"aNRlTa8AAAAJ","BERND HAMANN ",0,1,"CS",NA
"264",264,"AppFY_IAAAAJ","ANNE ELLEN GIBLIN ",0,1,"BIO",NA
"265",265,"ArqLh94AAAAJ","WILLIAM M BEMENT ",0,1,"BIO",NA
"266",266,"cYmUpBQAAAAJ","DAVID G CAPCO ",0,1,"BIO",NA
"267",267,"ArV74ZMAAAAJ","W BRUCE CROFT ",0,1,"CS",NA
"268",268,"ATOfqHEAAAAJ","HANAN SAMET ",0,1,"CS",NA
"269",269,"v0tJmyYAAAAJ","CLIFFORD A SHAFFER ",0,1,"CS",NA
"270",270,"vX45evgAAAAJ","WALID G AREF ",0,1,"CS",NA
"271",271,"aucB85kAAAAJ","AGGELOS K KATSAGGELOS ",0,1,"CS",NA
"272",272,"AUQPlgcAAAAJ","ALAN L JOHNSON ",0,1,"BIO",NA
"273",273,"aVorcfUAAAAJ","MICHAEL P SHEETZ ",0,1,"BIO",NA
"274",274,"avq8-1QAAAAJ","ROB A RUTENBAR ",0,1,"CS",NA
"275",275,"axOnEnQAAAAJ","ALEXANDER I RUDNICKY ",0,1,"CS",NA
"276",276,"Py54GcEAAAAJ","ALEXANDER G HAUPTMANN ",0,1,"CS",NA
"277",277,"aydzTogAAAAJ","AGNES HUI CHAN ",0,1,"CS",NA
"278",278,"aYoIn9UAAAAJ","MICHAEL GEORGE HAHN ",0,1,"BIO",NA
"279",279,"AYT3-TcAAAAJ","DALE H CLAYTON ",0,1,"BIO",NA
"280",280,"azVcOOgAAAAJ","WILLIAM MADISON LEWIS ",0,1,"BIO",NA
"281",281,"b0k2tTgAAAAJ","GERARD G MEDIONI ",0,1,"CS",NA
"282",282,"b2f-PjYAAAAJ","DOUGLAS E COMER ",0,1,"CS",NA
"283",283,"b2xYckIAAAAJ","ROGER D SLOBODA ",0,1,"BIO",NA
"284",284,"B46xY4sAAAAJ","PERRY B HACKETT ",0,1,"BIO",NA
"285",285,"bAa___kAAAAJ","HECTOR GARCIA-MOLINA ",0,1,"CS",NA
"286",286,"wtZwMSgAAAAJ","DANIEL BARBARA ",0,1,"CS",NA
"287",287,"nvKQ7JQAAAAJ","PETER SCHEUERMANN ",0,1,"CS",NA
"288",288,"C_cWJIkAAAAJ","CHRIS CLIFTON ",0,1,"CS",NA
"289",289,"bAipNH8AAAAJ","JUDEA PEARL ",0,1,"CS",NA
"290",290,"BbzZlWsAAAAJ","DANIEL M FLEETWOOD ",0,1,"CS",NA
"291",291,"bcCYp-0AAAAJ","MICHAEL D PURUGGANAN ",0,1,"BIO",NA
"292",292,"bcDwcMQAAAAJ","WALTER S LEAL ",0,1,"BIO",NA
"293",293,"BCRISEEAAAAJ","TODD F DUPONT ",0,1,"CS",NA
"294",294,"bCTAqq4AAAAJ","TEOFILO F GONZALEZ ",0,1,"CS",NA
"295",295,"gMQWxE0AAAAJ","SARTAJ KUMAR SAHNI ",0,1,"CS",NA
"296",296,"BD8llAEAAAAJ","H SEBASTIAN SEUNG ",0,1,"CS",NA
"297",297,"bENqhCkAAAAJ","FEVZI DALDAL ",0,1,"BIO",NA
"298",298,"bf7u8fUAAAAJ","DAVID H RAULET ",0,1,"BIO",NA
"299",299,"BfF2lIkAAAAJ","ERIC F WIESCHAUS ",0,1,"BIO",NA
"300",300,"BFNNvUYAAAAJ","STEPHEN CARLYLE WINANS ",0,1,"BIO",NA
"301",301,"bfoVtzwAAAAJ","DANIEL R ESS ",0,1,"BIO",NA
"302",302,"BGRij7sAAAAJ","JOSEPH DANIEL BUXBAUM ",0,1,"BIO",NA
"303",303,"bh-uRFMAAAAJ","TREVOR J DARRELL ",0,1,"CS",NA
"304",304,"nXBQn7gAAAAJ","STAN SCLAROFF ",0,1,"CS",NA
"305",305,"oAMW4OEAAAAJ","MICAH BECK ",0,1,"CS",NA
"306",306,"BhIIVrQAAAAJ","KAM WENG LEONG ",0,1,"BIO",NA
"307",307,"bhO5bMAAAAAJ","MICHAEL J PAZZANI ",0,1,"CS",NA
"308",308,"BhqtmXMAAAAJ","NEIL JAMES VICKERS ",0,1,"BIO",NA
"309",309,"BJAXIbQAAAAJ","JOSEPH N WILSON ",0,1,"CS",NA
"310",310,"GD3jwG8AAAAJ","PAUL D GADER ",0,1,"CS",NA
"311",311,"bkN-YUkAAAAJ","CHARLES CHILTON WEEMS ",0,1,"CS",NA
"312",312,"4Ts9jNQAAAAJ","ALAN D SUSSMAN ",0,1,"CS",NA
"313",313,"QaLf6bEAAAAJ","DAVID A PADUA ",0,1,"CS",NA
"314",314,"BkrB4awAAAAJ","RICHARD THOMAS SNODGRASS ",0,1,"CS",NA
"315",315,"blFs68UAAAAJ","INDRAJIT RAY ",0,1,"CS",NA
"316",316,"blg0nusAAAAJ","VIMLA L PATEL ",0,1,"BIO",NA
"317",317,"blwKAkUAAAAJ","RALPH GRISHMAN ",0,1,"CS",NA
"318",318,"BMcwwBgAAAAJ","LYNDA F DELPH ",0,1,"BIO",NA
"319",319,"BMSO3yEAAAAJ","BONNIE BARTEL ",0,1,"BIO",NA
"320",320,"bNE_Cy4AAAAJ","JONATHAN D WALTON ",0,1,"BIO",NA
"321",321,"bnoxnFwAAAAJ","JAY BARRETT BROCKMAN ",0,1,"CS",NA
"322",322,"BnxU9TEAAAAJ","VIPIN KUMAR ",0,1,"CS",NA
"323",323,"PHGvd5cAAAAJ","RABI N MAHAPATRA ",0,1,"CS",NA
"324",324,"bqkhX54AAAAJ","SURESH JAGANNATHAN ",0,1,"CS",NA
"325",325,"bU3P8twAAAAJ","M LUISA IRUELA-ARISPE ",0,1,"BIO",NA
"326",326,"bWTPrLEAAAAJ","JOHN N TSITSIKLIS ",0,1,"CS",NA
"327",327,"VUmcVOAAAAAJ","DIMITRI P BERTSEKAS ",0,1,"CS",NA
"328",328,"Bwtxxf8AAAAJ","BERND STURMFELS ",0,1,"CS",NA
"329",329,"bxi6JXYAAAAJ","DANA ANGLUIN ",0,1,"CS",NA
"330",330,"BY4seCsAAAAJ","DENNIS R BUCKMASTER ",0,1,"BIO",NA
"331",331,"bykS5JAAAAAJ","CUNMING DUAN ",0,1,"BIO",NA
"332",332,"BzlPljQAAAAJ","ISWAR K HARIHARAN ",0,1,"BIO",NA
"333",333,"c0dqLZAAAAAJ","LEE A FUIMAN ",0,1,"BIO",NA
"334",334,"C1c54H4AAAAJ","TIM STEARNS ",0,1,"BIO",NA
"335",335,"C1jREowAAAAJ","A MICHELLE WOOD ",0,1,"BIO",NA
"336",336,"C1VwgssAAAAJ","BERNARD MARIE CHAZELLE ",0,1,"CS",NA
"337",337,"C2k6mYwAAAAJ","SURYA RAJU KALIDINDI ",0,1,"CS",NA
"338",338,"C6DtGmMAAAAJ","JOHN C DOYLE ",0,1,"CS",NA
"339",339,"ca_O-WQAAAAJ","LARRY F ABBOTT ",0,1,"BIO",NA
"340",340,"cFbbY_gAAAAJ","DANIEL T BLUMSTEIN ",0,1,"BIO",NA
"341",341,"cfdcgXcAAAAJ","ALAN GARFINKEL ",0,1,"BIO",NA
"342",342,"CfnktjkAAAAJ","JOAN ELIZABETH STRASSMANN ",0,1,"BIO",NA
"343",343,"x8Cp75oAAAAJ","DAVID C QUELLER ",0,1,"BIO",NA
"344",344,"Cg_mRhMAAAAJ","CHARLES SCOTT GASSER ",0,1,"BIO",NA
"345",345,"ChtFYsIAAAAJ","JOY B ZEDLER ",0,1,"BIO",NA
"346",346,"chwPsSIAAAAJ","DANIEL D CARSON ",0,1,"BIO",NA
"347",347,"cI-fi9MAAAAJ","ERICH D JARVIS ",0,1,"BIO",NA
"348",348,"ci2F0o8AAAAJ","KERRY S BLOOM ",0,1,"BIO",NA
"349",349,"CIfyNMgAAAAJ","GEORGE W KLING ",0,1,"BIO",NA
"350",350,"ciQ3dn0AAAAJ","MARK YU BORODOVSKY ",0,1,"CS",NA
"351",351,"cjkgjggAAAAJ","DAVID D JENSEN ",0,1,"CS",NA
"352",352,"CJYvcWQAAAAJ","KE DONG ",0,1,"BIO",NA
"353",353,"CK_GLC8AAAAJ","VICTOR VIANU ",0,1,"CS",NA
"354",354,"cl7CnNYAAAAJ","JOHN RUSSELL GILBERT ",0,1,"CS",NA
"355",355,"CNkmfDYAAAAJ","STEPHEN M MOUNT ",0,1,"BIO",NA
"356",356,"CON0HeQAAAAJ","STEPHEN H ZINDER ",0,1,"BIO",NA
"357",357,"CoxGqVsAAAAJ","ELLIOT M MEYEROWITZ ",0,1,"BIO",NA
"358",358,"iIPwqbMAAAAJ","CHRISTOPHER H MARTIN ",0,1,"BIO",NA
"359",359,"CpBXPVoAAAAJ","NIKIL D DUTT ",0,1,"CS",NA
"360",360,"CTPwvRMAAAAJ","CAROL SHOSHKES REISS ",0,1,"BIO",NA
"361",361,"CTXoO1AAAAAJ","MARY SHAW ",0,1,"CS",NA
"362",362,"cwa28YMAAAAJ","CARL F PIEPER ",0,1,"BIO",NA
"363",363,"CXAN0i0AAAAJ","PRASAD V TADEPALLI ",0,1,"CS",NA
"364",364,"D-n1130AAAAJ","LARRY L DAVID ",0,1,"BIO",NA
"365",365,"D0lL1r0AAAAJ","PHILIP S YU ",0,1,"CS",NA
"366",366,"d1KEK84AAAAJ","TREVOR NIGEL MUDGE ",0,1,"CS",NA
"367",367,"d33xc6kAAAAJ","CHI-HING CHRISTINA CHENG ",0,1,"BIO",NA
"368",368,"D3aAA1wAAAAJ","ANNE E SIMON ",0,1,"BIO",NA
"369",369,"d3UtiX8AAAAJ","STANLEY JOEL OSHER ",0,1,"CS",NA
"370",370,"d5HLoWUAAAAJ","SHENG YANG HE ",0,1,"BIO",NA
"371",371,"D6fk8zcAAAAJ","CHRISTINE A RUSHLOW ",0,1,"BIO",NA
"372",372,"D6fp6_cAAAAJ","WARREN A HUNT ",0,1,"CS",NA
"373",373,"D6ptFeMAAAAJ","MATTHEW KEITH FRANKLIN ",0,1,"CS",NA
"374",374,"d7Gx1QYAAAAJ","MS S DRESSELHAUS ",0,1,"CS",NA
"375",375,"Da-s1FQAAAAJ","KADANGODE K RAMAKRISHNAN ",0,1,"CS",NA
"376",376,"runT3RsAAAAJ","RAJ JAIN ",0,1,"CS",NA
"377",377,"DaGZRjAAAAAJ","HOWARD OCHMAN ",0,1,"BIO",NA
"378",378,"h_MOIUUAAAAJ","DANIEL L HARTL ",0,1,"BIO",NA
"379",379,"DbZWZr8AAAAJ","NEIL IMMERMAN ",0,1,"CS",NA
"380",380,"LXVfPc8AAAAJ","ERIC S LANDER ",0,1,"BIO",NA
"381",381,"dCWcLaUAAAAJ","HELEN MIRIAM BERMAN ",0,1,"BIO",NA
"382",382,"DD6_7kwAAAAJ","MARIANNE E BRONNER-FRASER ",0,1,"BIO",NA
"383",383,"Ddfev5kAAAAJ","SHIMON Y EDELMAN ",0,1,"CS",NA
"384",384,"DeKa-fwAAAAJ","WILLIAM E FRIEDMAN ",0,1,"BIO",NA
"385",385,"dG604wQAAAAJ","DONALD H FEENER ",0,1,"BIO",NA
"386",386,"DGqqwrQAAAAJ","DAVID JOHN PERREAULT ",0,1,"CS",NA
"387",387,"dHiM2IcAAAAJ","PHILIPPE MAX FAUCHET ",0,1,"CS",NA
"388",388,"usw1MV0AAAAJ","J AN CHEN ",0,1,"CS",NA
"389",389,"DI23xwMAAAAJ","JIE YUAN LIU ",0,1,"CS",NA
"390",390,"dJlucB8AAAAJ","FREDERICK M HUGHSON ",0,1,"BIO",NA
"391",391,"djRAUcYAAAAJ","TOM MANIATIS ",0,1,"BIO",NA
"392",392,"DknsgF8AAAAJ","SALVATORE J STOLFO ",0,1,"CS",NA
"393",393,"Dl0vAp8AAAAJ","JEFFREY C TRINKLE ",0,1,"CS",NA
"394",394,"Dm-CryUAAAAJ","CRAIG B THOMPSON ",0,1,"BIO",NA
"395",395,"dmM6v4gAAAAJ","AARON P MITCHELL ",0,1,"BIO",NA
"396",396,"dOCmXwMAAAAJ","CATHERINE E BADGLEY ",0,1,"BIO",NA
"397",397,"dpH_nwUAAAAJ","MICHAEL G ROTH ",0,1,"BIO",NA
"398",398,"DP_EJ4gAAAAJ","DAVID S WILCOVE ",0,1,"BIO",NA
"399",399,"DQaARsgAAAAJ","MOSHE Y VARDI ",0,1,"CS",NA
"400",400,"Lu7biGYAAAAJ","PHOKION G KOLAITIS ",0,1,"CS",NA
"401",401,"FsBCAfgAAAAJ","JOSEPH Y HALPERN ",0,1,"CS",NA
"402",402,"dShqnssAAAAJ","GABOR KARSAI ",0,1,"CS",NA
"403",403,"DSiNzkIAAAAJ","ALFRED O HERO ",0,1,"CS",NA
"404",404,"dvl7hJEAAAAJ","RAYMOND J LEGER ",0,1,"BIO",NA
"405",405,"DW7krlcAAAAJ","DOROTA ZOFIA HAMAN ",0,1,"BIO",NA
"406",406,"g26ZEaoAAAAJ","BRIAN JH BOMAN ",0,1,"BIO",NA
"407",407,"dWVyVm4AAAAJ","HANS W PAERL ",0,1,"BIO",NA
"408",408,"Fz-5bdcAAAAJ","DOUGLAS G CAPONE ",0,1,"BIO",NA
"409",409,"DXjBcwsAAAAJ","LAURA C HARRINGTON ",0,1,"BIO",NA
"410",410,"DxSdANoAAAAJ","JAMES V STAROS ",0,1,"BIO",NA
"411",411,"dxUyNuoAAAAJ","STEVEN JAY SIBENER ",0,1,"BIO",NA
"412",412,"dxwra60AAAAJ","BRUCE A FREEMAN ",0,1,"BIO",NA
"413",413,"dywFuRMAAAAJ","BARTON PAUL MILLER ",0,1,"CS",NA
"414",414,"dzMhIxQAAAAJ","JOSEPH F KOONCE ",0,1,"BIO",NA
"415",415,"D_3H_9wAAAAJ","VINCENT F BRALTS ",0,1,"BIO",NA
"416",416,"E-sFjjsAAAAJ","ERIC L BITTMAN ",0,1,"BIO",NA
"417",417,"E1cp_aYAAAAJ","BRAD A MYERS ",0,1,"CS",NA
"418",418,"e1MZuKIAAAAJ","JESSICA KATE HODGINS ",0,1,"CS",NA
"419",419,"E2-uIQYAAAAJ","ERIC J TOPOL ",0,1,"BIO",NA
"420",420,"e4JfTgsAAAAJ","JORDAN S POBER ",0,1,"BIO",NA
"421",421,"e4QLgGsAAAAJ","CARL WU ",0,1,"BIO",NA
"422",422,"e4_ZXcwAAAAJ","GREG C GIBSON ",0,1,"BIO",NA
"423",423,"F-MEiNAAAAAJ","MAREK MLODZIK ",0,1,"BIO",NA
"424",424,"E5y_8wIAAAAJ","ERIC R PIANKA ",0,1,"BIO",NA
"425",425,"E7kDxi4AAAAJ","JEREMY NATHANS ",0,1,"BIO",NA
"426",426,"e7V7-gEAAAAJ","MARK ALAN HOROWITZ ",0,1,"CS",NA
"427",427,"e8e5qGcAAAAJ","NORMAN I BADLER ",0,1,"CS",NA
"428",428,"e9OxXgwAAAAJ","RICHARD RR MUNTZ ",0,1,"CS",NA
"429",429,"e9p7q6MAAAAJ","MARCUS E PETER ",0,1,"BIO",NA
"430",430,"e9v9lkgAAAAJ","ROBERT MULLAN COOK-DEEGAN ",0,1,"BIO",NA
"431",431,"e9xnMAEAAAAJ","DOROTHY L CHENEY ",0,1,"BIO",NA
"432",432,"ea6cjVUAAAAJ","JOHN EDWIN LAIRD ",0,1,"CS",NA
"433",433,"eaexvuEAAAAJ","IRIS MEIER ",0,1,"BIO",NA
"434",434,"eaMNlu8AAAAJ","VENKAT VENKATASUBRAMANIAN ",0,1,"CS",NA
"435",435,"EaQxCvUAAAAJ","ALEXANDER CRUZ ",0,1,"BIO",NA
"436",436,"EAzpJiQAAAAJ","MARK E HAY ",0,1,"BIO",NA
"437",437,"EcMD4XQAAAAJ","DANIEL A TRANCHINA ",0,1,"BIO",NA
"438",438,"ecPAWS8AAAAJ","SARAH A DOUGLAS ",0,1,"CS",NA
"439",439,"EDC2EP0AAAAJ","JANYCE M WIEBE ",0,1,"CS",NA
"440",440,"EetL2HQAAAAJ","RANCE CLEAVELAND ",0,1,"CS",NA
"441",441,"eEYPTKUAAAAJ","ROBERTO TAMASSIA ",0,1,"CS",NA
"442",442,"EFEC_toAAAAJ","BRUCE G BUCHANAN ",0,1,"CS",NA
"443",443,"s6XjtCMAAAAJ","RUSS BIAGIO ALTMAN ",0,1,"BIO",NA
"444",444,"EFlfpXQAAAAJ","JOHN T LEHMAN ",0,1,"BIO",NA
"445",445,"EfuT9RoAAAAJ","ELISA BERTINO ",0,1,"CS",NA
"446",446,"eHhHOD0AAAAJ","GORDON S NOVAK ",0,1,"CS",NA
"447",447,"eIYoeT4AAAAJ","CLAYTON H LEWIS ",0,1,"CS",NA
"448",448,"ejR8Xx0AAAAJ","CHRISTOPHER J STAIGER ",0,1,"BIO",NA
"449",449,"EmLddhQAAAAJ","DAVID P CREWS ",0,1,"BIO",NA
"450",450,"ENTGDS8AAAAJ","ROBERT L MINCKLEY ",0,1,"BIO",NA
"451",451,"EqetexsAAAAJ","DAVID JURIS KRIEGMAN ",0,1,"CS",NA
"452",452,"Er-gEaoAAAAJ","JOHN HENRY REIF ",0,1,"CS",NA
"453",453,"EtRpNRAAAAAJ","DANIEL HOWARD COHN ",0,1,"BIO",NA
"454",454,"EUMYhUvzt6IC","RAMAKANT NEVATIA ",0,1,"CS",NA
"455",455,"Evt-0DUAAAAJ","LISA A DONOVAN ",0,1,"BIO",NA
"456",456,"ex9BQiIAAAAJ","CLAIRE CARDIE ",0,1,"CS",NA
"457",457,"ExEEjcQAAAAJ","MATTHEW K FARRENS ",0,1,"CS",NA
"458",458,"ExyBO8AAAAAJ","AMIR MORTAZAWI ",0,1,"CS",NA
"459",459,"eyq1L0gAAAAJ","NING QIAN ",0,1,"BIO",NA
"460",460,"EyUdMn0AAAAJ","JOHN NORTON THOMPSON ",0,1,"BIO",NA
"461",461,"Ezrt3pkAAAAJ","MAURICE P HERLIHY ",0,1,"CS",NA
"462",462,"ezVN9NUAAAAJ","YASUKO RIKIHISA ",0,1,"BIO",NA
"463",463,"F2cBeqkAAAAJ","STEPHEN MILES GATESY ",0,1,"BIO",NA
"464",464,"F4v_MEIAAAAJ","J DOUGLAS BIRDWELL ",0,1,"CS",NA
"465",465,"F6LzqwMAAAAJ","WILLIAM LOUIS SCHERLIS ",0,1,"CS",NA
"466",466,"f7laURkAAAAJ","EDWARD K WONG ",0,1,"CS",NA
"467",467,"f8FjAtMAAAAJ","CARLO ZANIOLO ",0,1,"CS",NA
"468",468,"F9kqUXkAAAAJ","PHILLIP B GIBBONS ",0,1,"CS",NA
"469",469,"fABXPQQAAAAJ","BRIAN DORSEY FARRELL ",0,1,"BIO",NA
"470",470,"fAw_t5EAAAAJ","ROGER DEAN CHAMBERLAIN ",0,1,"CS",NA
"471",471,"fDdcWBEAAAAJ","ARIE KAUFMAN ",0,1,"CS",NA
"472",472,"FEBziZ0AAAAJ","BRYAN T GRENFELL ",0,1,"BIO",NA
"473",473,"fEVXhhAAAAAJ","KISHOR SHRIDHARBHAI TRIVEDI ",0,1,"CS",NA
"474",474,"fEYp6hEAAAAJ","TOMASZ IMIELINSKI ",0,1,"CS",NA
"475",475,"fez4ulcAAAAJ","DANA S NAU ",0,1,"CS",NA
"476",476,"FfFBUCUAAAAJ","GERARD KARSENTY ",0,1,"BIO",NA
"477",477,"FfqHjHoAAAAJ","KATHLEEN SHIVE MATTHEWS ",0,1,"BIO",NA
"478",478,"ffUu1PcAAAAJ","RICHARD M STERN ",0,1,"CS",NA
"479",479,"fGcKnpIAAAAJ","BHASKAR DASGUPTA ",0,1,"CS",NA
"480",480,"Fi3oKmQAAAAJ","MARK R PITTELKOW ",0,1,"BIO",NA
"481",481,"FI5-sZEAAAAJ","SHAHRAM GHANDEHARIZADEH ",0,1,"CS",NA
"482",482,"fIoDWp8AAAAJ","JACK SCOTT SNOEYINK ",0,1,"CS",NA
"483",483,"FjV70BwAAAAJ","ADELE E HOWE ",0,1,"CS",NA
"484",484,"fljUQhYAAAAJ","JOHN M WARD ",0,1,"BIO",NA
"485",485,"FmrDR68AAAAJ","J KENNETH SALISBURY ",0,1,"CS",NA
"486",486,"fnE2dSoAAAAJ","STEVEN SOL SKIENA ",0,1,"CS",NA
"487",487,"foNB6isAAAAJ","JOEL D BLUM ",0,1,"BIO",NA
"488",488,"forPRN8AAAAJ","SOKRATES T PANTELIDES ",0,1,"CS",NA
"489",489,"fqy0tRYAAAAJ","JULIO M FERNANDEZ ",0,1,"BIO",NA
"490",490,"FUJJ66cAAAAJ","MARK A CHAPPELL ",0,1,"BIO",NA
"491",491,"FuOqWNEAAAAJ","VLADIMIR LIFSCHITZ ",0,1,"CS",NA
"492",492,"fup4ihsAAAAJ","GILBERT CHU ",0,1,"BIO",NA
"493",493,"fUTN90MAAAAJ","VASSILIS J TSOTRAS ",0,1,"CS",NA
"494",494,"FWjqglcAAAAJ","ROBERT JK JACOB ",0,1,"CS",NA
"495",495,"VjvupJUAAAAJ","JED A FUHRMAN ",0,1,"BIO",NA
"496",496,"FzBDS4gAAAAJ","THOMAS MARTIN CONTE ",0,1,"CS",NA
"497",497,"g--NxecAAAAJ","ELLEN LOUISE SIMMS ",0,1,"BIO",NA
"498",498,"g-WedwYAAAAJ","GEORGE KESIDIS ",0,1,"CS",NA
"499",499,"g0s8hgEAAAAJ","LEWIS CLAYTON CANTLEY ",0,1,"BIO",NA
"500",500,"G4Np3c0AAAAJ","JONATHAN B LOSOS ",0,1,"BIO",NA
"501",501,"G6kA1CMAAAAJ","HAESUN PARK ",0,1,"CS",NA
"502",502,"G6XN5cRm0FIJ","ERIC HAROLD NYBERG ",0,1,"CS",NA
"503",503,"GAkCu5kAAAAJ","JOSE L PANERO ",0,1,"BIO",NA
"504",504,"GAOlOs4AAAAJ","MICHAEL W NACHMAN ",0,1,"BIO",NA
"505",505,"gAP-9H8AAAAJ","STEPHEN R FORREST ",0,1,"CS",NA
"506",506,"gb2r2ssAAAAJ","ALFRED VAINO AHO ",0,1,"CS",NA
"507",507,"gb8sbdcAAAAJ","GREGORY D ABOWD ",0,1,"CS",NA
"508",508,"gBefoakAAAAJ","L RIDGWAY SCOTT ",0,1,"CS",NA
"509",509,"Gc5_cCEAAAAJ","CRAIG EUGENE NELSON ",0,1,"BIO",NA
"510",510,"GdZvLR0AAAAJ","RICHARD L MARSH ",0,1,"BIO",NA
"511",511,"GerRNbUAAAAJ","MARK DAVID ROSE ",0,1,"BIO",NA
"512",512,"gglBK4QAAAAJ","ERNESTO I FREIRE ",0,1,"BIO",NA
"513",513,"GglcIVYAAAAJ","MICHAEL JOHN SANDERSON ",0,1,"BIO",NA
"514",514,"gGSiW3YAAAAJ","JERZY KANICKI ",0,1,"CS",NA
"515",515,"ghWKWBUAAAAJ","FRANK PFENNING ",0,1,"CS",NA
"516",516,"GKTKZ8kAAAAJ","SETHURAMAN PANCH PANCHANATHAN ",0,1,"CS",NA
"517",517,"GkvvVp8AAAAJ","SUSAN RUTHERFORD MCCOUCH ",0,1,"BIO",NA
"518",518,"GljRwkUAAAAJ","MARK M DAVIS ",0,1,"BIO",NA
"519",519,"GlqwYCwAAAAJ","GEORGE N PHILLIPS ",0,1,"BIO",NA
"520",520,"GmcChLIAAAAJ","JAMES D FOLEY ",0,1,"CS",NA
"521",521,"PogsVkYAAAAJ","STEVEN K FEINER ",0,1,"CS",NA
"522",522,"GnDVXWcAAAAJ","PAUL RAYMOND RUSSELL ",0,1,"BIO",NA
"523",523,"gNMqz_4AAAAJ","TIMOTHY A DAVIS ",0,1,"CS",NA
"524",524,"GPlRHI8AAAAJ","SALLY MACINTYRE ",0,1,"BIO",NA
"525",525,"gpQ-Vh4AAAAJ","THOMAS J DICHRISTINA ",0,1,"BIO",NA
"526",526,"GqI1Ma4AAAAJ","BERISLAV V ZLOKOVIC ",0,1,"BIO",NA
"527",527,"gQOKAggAAAAJ","TOMAS LOZANO-PEREZ ",0,1,"CS",NA
"528",528,"M6urChQAAAAJ","ALOYSIUS K MOK ",0,1,"CS",NA
"529",529,"grYHYo0AAAAJ","VIJAYA RAMACHANDRAN ",0,1,"CS",NA
"530",530,"Gs5F2jYAAAAJ","PETER K ALLEN ",0,1,"CS",NA
"531",531,"gs_WpWIAAAAJ","CALVIN J RIBBENS ",0,1,"CS",NA
"532",532,"GTGud6oAAAAJ","CHARLES R FISHER ",0,1,"BIO",NA
"533",533,"GUAoEcAAAAAJ","SCOTT J SHENKER ",0,1,"CS",NA
"534",534,"gUEkPQEAAAAJ","PHILLIP WALDER ROGAWAY ",0,1,"CS",NA
"535",535,"guhwcP8AAAAJ","HENRY O FUCHS ",0,1,"CS",NA
"536",536,"h6jljQQAAAAJ","EVA TARDOS ",0,1,"CS",NA
"537",537,"gVZmNskAAAAJ","BERYL BRINTNALL SIMPSON ",0,1,"BIO",NA
"538",538,"gWBoNCsAAAAJ","CHARLES ERIC LEISERSON ",0,1,"CS",NA
"539",539,"Gwrwxa0AAAAJ","BRUCE MACDOWELL MAGGS ",0,1,"CS",NA
"540",540,"RUP4S68AAAAJ","SANJEEV ARORA ",0,1,"CS",NA
"541",541,"Gx8Rpr4AAAAJ","JENS PALSBERG ",0,1,"CS",NA
"542",542,"gyIf7XIAAAAJ","JANOS SIMON ",0,1,"CS",NA
"543",543,"gyL3CZ0AAAAJ","CHANDRAJIT L BAJAJ ",0,1,"CS",NA
"544",544,"k7VhUnAAAAAJ","TAMAL KRISHNA DEY ",0,1,"CS",NA
"545",545,"g_kcwSoAAAAJ","MARC F SCHMIDT ",0,1,"BIO",NA
"546",546,"g_oE5yUAAAAJ","RAY ALLEN BUCKLIN ",0,1,"BIO",NA
"547",547,"H0Y2wgUAAAAJ","WALID A NAJJAR ",0,1,"CS",NA
"548",548,"H15F-wYAAAAJ","JOSEPH P MONTOYA ",0,1,"BIO",NA
"549",549,"H1XVLwsAAAAJ","BENJAMIN JACK KUIPERS ",0,1,"CS",NA
"550",550,"H4cQsHAAAAAJ","VICTOR JOHN SHOUP ",0,1,"CS",NA
"551",551,"h4i4fh8AAAAJ","BEN A SHNEIDERMAN ",0,1,"CS",NA
"552",552,"h5gEfxsAAAAJ","XIAOQIU HUANG ",0,1,"CS",NA
"553",553,"waPNWUYAAAAJ","ROSS C HARDISON ",0,1,"BIO",NA
"554",554,"rD8a4hQAAAAJ","DAVID B SHMOYS ",0,1,"CS",NA
"555",555,"HaI6LesAAAAJ","MARC SNIR ",0,1,"CS",NA
"556",556,"HbFGylgAAAAJ","STEPHEN B WICKER ",0,1,"CS",NA
"557",557,"HBgEJU0AAAAJ","JOHN C AVISE ",0,1,"BIO",NA
"558",558,"HBi2xQkAAAAJ","DAPHNE JANICE FAIRBAIRN ",0,1,"BIO",NA
"559",559,"xQlXXWQAAAAJ","DEREK A ROFF ",0,1,"BIO",NA
"560",560,"hBQ6fOEAAAAJ","SEAN M BURGESS ",0,1,"BIO",NA
"561",561,"HBtUqDIAAAAJ","WILLIAM J SULLIVAN ",0,1,"BIO",NA
"562",562,"heYuqBkAAAAJ","JESSY W GRIZZLE ",0,1,"CS",NA
"563",563,"hfADwdIAAAAJ","JOHN HL HANSEN ",0,1,"CS",NA
"564",564,"hFrN_-0AAAAJ","JAMES B COTNER ",0,1,"BIO",NA
"565",565,"hgOSI1EAAAAJ","RICHARD E LADNER ",0,1,"CS",NA
"566",566,"hgUGouQAAAAJ","GEORGE M HRIPCSAK ",0,1,"BIO",NA
"567",567,"hI4XguUAAAAJ","BOBBY E BODENHEIMER ",0,1,"CS",NA
"568",568,"hjYT3JYAAAAJ","KURT A VANLEHN ",0,1,"CS",NA
"569",569,"hKeWP2sAAAAJ","HARRIS A LEWIN ",0,1,"BIO",NA
"570",570,"HKGYvu4AAAAJ","ROBERT E KRAUT ",0,1,"CS",NA
"571",571,"HlXPvCoAAAAJ","SAMUEL R BUSS ",0,1,"CS",NA
"572",572,"hmy9MpkAAAAJ","STEPHEN J SMALL ",0,1,"BIO",NA
"573",573,"hoGTGlMAAAAJ","BENOIT T ROUX ",0,1,"BIO",NA
"574",574,"hS9gtcwAAAAJ","DAVID M MOSSER ",0,1,"BIO",NA
"575",575,"HSygdAYAAAAJ","MARILYN ANN WALKER ",0,1,"CS",NA
"576",576,"HTbZCZ4AAAAJ","DAVID S ROOS ",0,1,"BIO",NA
"577",577,"HtgKHRIAAAAJ","PRADEEP K KHOSLA ",0,1,"CS",NA
"578",578,"htRNTnYAAAAJ","RICHARD W MICHELMORE ",0,1,"BIO",NA
"579",579,"HuSHIWkAAAAJ","SANJOY K BARUAH ",0,1,"CS",NA
"580",580,"hv59470AAAAJ","ASTAR WINOTO ",0,1,"BIO",NA
"581",581,"hvT2mb8AAAAJ","VALERY ELLYN FORBES ",0,1,"BIO",NA
"582",582,"HVtSJJsAAAAJ","YOUSIF SHAMOO ",0,1,"BIO",NA
"583",583,"hVUzp6EAAAAJ","THOMAS WEIMBS ",0,1,"BIO",NA
"584",584,"HvwPRJ0AAAAJ","VERN EDWARD PAXSON ",0,1,"CS",NA
"585",585,"hv_GqN4AAAAJ","PETER M NARINS ",0,1,"BIO",NA
"586",586,"hwc6A1MAAAAJ","BONNIE ANNA NARDI ",0,1,"CS",NA
"587",587,"hwqQOpUAAAAJ","STEVEN M BLOCK ",0,1,"BIO",NA
"588",588,"hybHuxYAAAAJ","RICHARD GERALD HARRISON ",0,1,"BIO",NA
"589",589,"hz1S-asAAAAJ","JOHN H REPPY ",0,1,"CS",NA
"590",590,"I-rKkyEAAAAJ","KENNETH PAUL BIRMAN ",0,1,"CS",NA
"591",591,"I1w51gUAAAAJ","RAJESH KUMAR GUPTA ",0,1,"CS",NA
"592",592,"I4TkqC0AAAAJ","BARBARA DI EUGENIO ",0,1,"CS",NA
"593",593,"icGNWj4AAAAJ","BARRY SMITH ",0,1,"CS",NA
"594",594,"ICngR3sAAAAJ","BEHNAM B MALAKOOTI ",0,1,"CS",NA
"595",595,"ID4wZFwAAAAJ","RAVI SETHI ",0,1,"CS",NA
"596",596,"Id792TsAAAAJ","ROGER ALAN CRAWFIS ",0,1,"CS",NA
"597",597,"RzEnQmgAAAAJ","PAT HANRAHAN ",0,1,"CS",NA
"598",598,"IdDGv6oAAAAJ","ROBIN RAY GUTELL ",0,1,"BIO",NA
"599",599,"IdRYT-8AAAAJ","KENNETH D FORBUS ",0,1,"CS",NA
"600",600,"IdWa_JkAAAAJ","AMY SUSAN BRUCKMAN ",0,1,"CS",NA
"601",601,"IeBc5OsAAAAJ","JEFFERY L DANGL ",0,1,"BIO",NA
"602",602,"IEHo6YcAAAAJ","EDWARD F GEHRINGER ",0,1,"CS",NA
"603",603,"IEKMwakAAAAJ","JOSEPH A GOGOS ",0,1,"BIO",NA
"604",604,"if0wXOEAAAAJ","WILLIAM J MCGINNIS ",0,1,"BIO",NA
"605",605,"If_k6LgAAAAJ","NORMAN M SADEH ",0,1,"CS",NA
"606",606,"igVM0AEAAAAJ","RICHARD T BARBER ",0,1,"BIO",NA
"607",607,"iLQqwosAAAAJ","HSIANG TSUNG KUNG ",0,1,"CS",NA
"608",608,"im5aMngAAAAJ","CHARLES PETER ELKAN ",0,1,"CS",NA
"609",609,"IPbxgZkAAAAJ","RICHARD A FLAVELL ",0,1,"BIO",NA
"610",610,"IqzMas0AAAAJ","R KELLY DAWE ",0,1,"BIO",NA
"611",611,"iRaegw8AAAAJ","MELISSA J MOORE ",0,1,"BIO",NA
"612",612,"IrPitBgAAAAJ","MARY LOU GUERINOT ",0,1,"BIO",NA
"613",613,"iSSbrhwAAAAJ","THEODORE GARLAND ",0,1,"BIO",NA
"614",614,"it1vhYAAAAAJ","MICHAEL ANTHONY ARBIB ",0,1,"CS",NA
"615",615,"iTii9qEAAAAJ","S K SHARMA ",0,1,"BIO",NA
"616",616,"IUZgJogAAAAJ","DANIEL SABEY WELD ",0,1,"CS",NA
"617",617,"IWdFbTQAAAAJ","BARBARA A BLOCK ",0,1,"BIO",NA
"618",618,"IwkyeWgAAAAJ","CRAIG P HUNTER ",0,1,"BIO",NA
"619",619,"izVO9pYAAAAJ","BRADLEY C HYMAN ",0,1,"BIO",NA
"620",620,"I_N__-QAAAAJ","BENOIT M DAWANT ",0,1,"CS",NA
"621",621,"J09a41oAAAAJ","OTONIEL MARTINEZ-MAZA ",0,1,"BIO",NA
"622",622,"V8erWBIAAAAJ","RONALD H STEVENS ",0,1,"BIO",NA
"623",623,"J12C3nYAAAAJ","KEVIN JEFFAY ",0,1,"CS",NA
"624",624,"J1a81tAAAAAJ","LAURENCE D MUELLER ",0,1,"BIO",NA
"625",625,"J1tqbNAAAAAJ","UMAKISHORE RAMACHANDRAN ",0,1,"CS",NA
"626",626,"xkCYK58AAAAJ","MUSTAQUE AHAMAD ",0,1,"CS",NA
"627",627,"J5f4Gq8AAAAJ","JEFFREY ALLEN FESSLER ",0,1,"CS",NA
"628",628,"j7F7yq0AAAAJ","ADAM A PORTER ",0,1,"CS",NA
"629",629,"J8FwD7cAAAAJ","DANIEL PAUL COSTA ",0,1,"BIO",NA
"630",630,"J9Pa_8EAAAAJ","RAYMOND J MACDONALD ",0,1,"BIO",NA
"631",631,"j9XJD8QAAAAJ","ROBERT R KESSLER ",0,1,"CS",NA
"632",632,"LgL2HpkAAAAJ","KWAN LIU MA ",0,1,"CS",NA
"633",633,"jA7e-WkAAAAJ","KLAUS SUTNER ",0,1,"CS",NA
"634",634,"JaIL3AgAAAAJ","C VICTOR JONGENEEL ",0,1,"BIO",NA
"635",635,"jB4y-j4AAAAJ","BARBARA E EHRLICH ",0,1,"BIO",NA
"636",636,"Jc7sf8YAAAAJ","KNUTE JOHN NADELHOFFER ",0,1,"BIO",NA
"637",637,"jDm73CQAAAAJ","ANURA P JAYASUMANA ",0,1,"CS",NA
"638",638,"y2fSlecAAAAJ","YASHWANT K MALAIYA ",0,1,"CS",NA
"639",639,"jdq0xz8AAAAJ","MICHAEL CHARLES FERRIS ",0,1,"CS",NA
"640",640,"JFGFujgAAAAJ","DAVID W PFENNIG ",0,1,"BIO",NA
"641",641,"jGboazkAAAAJ","DAVID R NELSON ",0,1,"BIO",NA
"642",642,"jh3Z4esAAAAJ","CHRISTOPHER H HAUFLER ",0,1,"BIO",NA
"643",643,"Jj00ksMAAAAJ","MICHAEL L LITTMAN ",0,1,"CS",NA
"644",644,"jJCBeRsAAAAJ","CHRISTIAN AARON ZORMAN ",0,1,"CS",NA
"645",645,"jJPSj0IAAAAJ","ATIF M MEMON ",0,1,"CS",NA
"646",646,"JLKYG_cAAAAJ","MICHAEL D BEECHER ",0,1,"BIO",NA
"647",647,"Jlv4MR4AAAAJ","AVRIM L BLUM ",0,1,"CS",NA
"648",648,"JN4tlsMAAAAJ","P SADAYAPPAN ",0,1,"CS",NA
"649",649,"JNPbTdIAAAAJ","JAMES ALEXANDER HENDLER ",0,1,"CS",NA
"650",650,"jNUs6LsAAAAJ","DAVID B WAKE ",0,1,"BIO",NA
"651",651,"Jo2vLqMAAAAJ","GREGG C ODEN ",0,1,"CS",NA
"652",652,"jo4B96sAAAAJ","KEITH E MOSTOV ",0,1,"BIO",NA
"653",653,"JoFVg7cAAAAJ","RUTH R FINKELSTEIN ",0,1,"BIO",NA
"654",654,"jOpgDgsAAAAJ","PATRICIA L FOSTER ",0,1,"BIO",NA
"655",655,"JpC9bmEAAAAJ","JIANWEN SU ",0,1,"CS",NA
"656",656,"JPM3RdEAAAAJ","JEFFREY DONALD PALMER ",0,1,"BIO",NA
"657",657,"utnDy7MAAAAJ","ROBERT K JANSEN ",0,1,"BIO",NA
"658",658,"jpXyNF8AAAAJ","GOPALAN NADATHUR ",0,1,"CS",NA
"659",659,"Jq3hCsYAAAAJ","PETER S WHITE ",0,1,"BIO",NA
"660",660,"JQWeCFAAAAAJ","KATAYOON DEHESH ",0,1,"BIO",NA
"661",661,"Jr0P0Z4AAAAJ","KELVIN JA DAVIES ",0,1,"BIO",NA
"662",662,"jTiRFi8AAAAJ","BRUCE ANTHONY DRAPER ",0,1,"CS",NA
"663",663,"Jua_FnwAAAAJ","WILLIAM E FIELD ",0,1,"BIO",NA
"664",664,"jUzA3H8AAAAJ","DON S BATORY ",0,1,"CS",NA
"665",665,"SKVnHakAAAAJ","HOSAGRAHAR VISVESVARAYA JAGADISH ",0,1,"CS",NA
"666",666,"JXsWja0AAAAJ","ROSS M MCCONNELL ",0,1,"CS",NA
"667",667,"jXWewPgAAAAJ","IVET BAHAR ",0,1,"BIO",NA
"668",668,"K2oAEEkAAAAJ","MICHELE R DUDASH ",0,1,"BIO",NA
"669",669,"k3YaoIEAAAAJ","STANLEY BENJAMIN ZDONIK ",0,1,"CS",NA
"670",670,"k5c56_wAAAAJ","BRUCE W PORTER ",0,1,"CS",NA
"671",671,"k6z6wAwAAAAJ","GERALD I SHULMAN ",0,1,"BIO",NA
"672",672,"K7y6AEEAAAAJ","THOMAS DAVID KOCHER ",0,1,"BIO",NA
"673",673,"K9tsqbsAAAAJ","VIJAY GURBAXANI ",0,1,"CS",NA
"674",674,"kazupicAAAAJ","ESTHER RITA ANGERT ",0,1,"BIO",NA
"675",675,"kBGGEjUAAAAJ","INSUP LEE ",0,1,"CS",NA
"676",676,"LW4lnZYAAAAJ","SUSAN B DAVIDSON ",0,1,"CS",NA
"677",677,"KBqO-U0AAAAJ","ANDREW S BELMONT ",0,1,"BIO",NA
"678",678,"KCiDjbkAAAAJ","LYLE H UNGAR ",0,1,"CS",NA
"679",679,"kDkH9UkAAAAJ","MICHAEL LEE GLEICHER ",0,1,"CS",NA
"680",680,"KDZ-wWUAAAAJ","SIMON GILROY ",0,1,"BIO",NA
"681",681,"keQw9LQAAAAJ","JAMES KENNETH LIEBHERR ",0,1,"BIO",NA
"682",682,"NeJ-SQEAAAAJ","ANN E HAJEK ",0,1,"BIO",NA
"683",683,"KfjUrPAAAAAJ","THEODORE WOODWARD RANDOLPH ",0,1,"BIO",NA
"684",684,"kFNAlyAAAAAJ","DALE F MIERKE ",0,1,"BIO",NA
"685",685,"kiQQEhMAAAAJ","LESLIE A REAL ",0,1,"BIO",NA
"686",686,"KIv0fKQAAAAJ","EDWARD HANCE SHORTLIFFE ",0,1,"BIO",NA
"687",687,"kiZj3UcAAAAJ","ELLEN DORCAS KETTERSON ",0,1,"BIO",NA
"688",688,"KlJrz9MAAAAJ","BERND FRITZSCH ",0,1,"BIO",NA
"689",689,"KlnL3J8AAAAJ","ALAN R KAY ",0,1,"BIO",NA
"690",690,"KLRU9csAAAAJ","MATTHEW P AYRES ",0,1,"BIO",NA
"691",691,"KltleWgAAAAJ","MATTHEW ALAN TURK ",0,1,"CS",NA
"692",692,"kMK1IvwAAAAJ","DAVID D THOMAS ",0,1,"BIO",NA
"693",693,"KP-Vo44AAAAJ","MATTHIAS FELLEISEN ",0,1,"CS",NA
"694",694,"KPxl53wzvv4C","KATHRYN M ROEDER ",0,1,"CS",NA
"695",695,"krAhswMAAAAJ","ARTHUR S EDISON ",0,1,"BIO",NA
"696",696,"KRuCIOQAAAAJ","WILLIAM RICHARD JEFFERY ",0,1,"BIO",NA
"697",697,"KRZoh34AAAAJ","MICHAEL R GRIBSKOV ",0,1,"BIO",NA
"698",698,"Kr_0YFMAAAAJ","IRINA R ARKHIPOVA ",0,1,"BIO",NA
"699",699,"KTF9-QkAAAAJ","ELIZABETH M MCNALLY ",0,1,"BIO",NA
"700",700,"ktQq83oAAAAJ","MARC A PIZZIMENTI ",0,1,"BIO",NA
"701",701,"ktyhG_oAAAAJ","GREGORY ALLAN WRAY ",0,1,"BIO",NA
"702",702,"ywgYvpsAAAAJ","LAWRENCE E GILBERT ",0,1,"BIO",NA
"703",703,"kUMiOQMAAAAJ","DAVID R LINDBERG ",0,1,"BIO",NA
"704",704,"Kv9AbjMAAAAJ","JIAWEI HAN ",0,1,"CS",NA
"705",705,"kWnv_YkAAAAJ","RAJEEV ALUR ",0,1,"CS",NA
"706",706,"KxLLgn8AAAAJ","MICHAEL B O'CONNOR ",0,1,"BIO",NA
"707",707,"KxLzEI4AAAAJ","MARK D HUNTER ",0,1,"BIO",NA
"708",708,"kYK4tvsAAAAJ","JEAN H GALLIER ",0,1,"CS",NA
"709",709,"uT9_8hcAAAAJ","WAYNE SNYDER ",0,1,"CS",NA
"710",710,"KZFo7ZkAAAAJ","JOSE MESEGUER ",0,1,"CS",NA
"711",711,"kzoVUPYAAAAJ","NASSIR NAVAB ",0,1,"CS",NA
"712",712,"L3KXa3cAAAAJ","EYTAN RUPPIN ",0,1,"CS",NA
"713",713,"L3Z66_gAAAAJ","MARK JOHN GUILTINAN ",0,1,"BIO",NA
"714",714,"l5UcSXkAAAAJ","JEFFREY KEATING CONNER ",0,1,"BIO",NA
"715",715,"L9cC5tIAAAAJ","TEH-HUI KAO ",0,1,"BIO",NA
"716",716,"OfcXtoIAAAAJ","THOMAS R IOERGER ",0,1,"CS",NA
"717",717,"LAPAOIUAAAAJ","JOHN D HELMANN ",0,1,"BIO",NA
"718",718,"LAv0HTEAAAAJ","JOHN F CANNY ",0,1,"CS",NA
"719",719,"ugFNit4AAAAJ","MING C LIN ",0,1,"CS",NA
"720",720,"X08l_4IAAAAJ","DINESH MANOCHA ",0,1,"CS",NA
"721",721,"lB5lqocAAAAJ","DAVID N REZNICK ",0,1,"BIO",NA
"722",722,"lc0ARagAAAAJ","LARRY S DAVIS ",0,1,"CS",NA
"723",723,"Le4ScQcAAAAJ","FIORENZA MICHELI ",0,1,"BIO",NA
"724",724,"lh527_4AAAAJ","RICHARD M HARLAND ",0,1,"BIO",NA
"725",725,"LiAGLcwAAAAJ","RICCARDO BETTATI ",0,1,"CS",NA
"726",726,"LIdVlPsAAAAJ","GAIL E KAISER ",0,1,"CS",NA
"727",727,"LjuCA6AAAAAJ","C DREW HARVELL ",0,1,"BIO",NA
"728",728,"Lj_J0HsAAAAJ","JAN MA DEURSEN ",0,1,"BIO",NA
"729",729,"Lk38PP0AAAAJ","CARLOS J BUSTAMANTE ",0,1,"BIO",NA
"730",730,"LkoaA0gAAAAJ","STACY C MARSELLA ",0,1,"CS",NA
"731",731,"lL7fslgAAAAJ","CHUN-FANG WU ",0,1,"BIO",NA
"732",732,"lmmq0XsAAAAJ","GIULIO ALESSANDRO LEO ",0,1,"BIO",NA
"733",733,"lMV_QwEAAAAJ","JOHN P CASE ",0,1,"CS",NA
"734",734,"LNnZEd4AAAAJ","BEN SHEN ",0,1,"BIO",NA
"735",735,"LnqYD9wAAAAJ","CAROL WIDNEY GREIDER ",0,1,"BIO",NA
"736",736,"LOFYnLkAAAAJ","JAMES D HOLLAN ",0,1,"CS",NA
"737",737,"LPTkkxUAAAAJ","NANCY ANN LYNCH ",0,1,"CS",NA
"738",738,"xViwZ0QAAAAJ","CARLO TOMASI ",0,1,"CS",NA
"739",739,"LqBNliAAAAAJ","YVES V BRUN ",0,1,"BIO",NA
"740",740,"lR-CRA0AAAAJ","CHARLES F AQUADRO ",0,1,"BIO",NA
"741",741,"LRQYRlIAAAAJ","THOMAS J KODADEK ",0,1,"BIO",NA
"742",742,"lRTRxSIAAAAJ","RICHARD A YOUNG ",0,1,"BIO",NA
"743",743,"ls1xrQgAAAAJ","LAWRENCE A CHASIN ",0,1,"BIO",NA
"744",744,"LSkqsVYAAAAJ","JAMES D MAUSETH ",0,1,"BIO",NA
"745",745,"LsuWoRoAAAAJ","RICHARD EARL KORF ",0,1,"CS",NA
"746",746,"rXYLXJMAAAAJ","CHRISTOS H PAPADIMITRIOU ",0,1,"CS",NA
"747",747,"Luwlu-0AAAAJ","MATTHEW V TIRRELL ",0,1,"BIO",NA
"748",748,"lW61FSQAAAAJ","STEPHEN JOSEPH KRON ",0,1,"BIO",NA
"749",749,"nwNHXf4AAAAJ","JAMES A SPUDICH ",0,1,"BIO",NA
"750",750,"LWcEVAIAAAAJ","DEBORAH GAIL TATAR ",0,1,"CS",NA
"751",751,"LYt_4uIAAAAJ","MAJID SARRAFZADEH ",0,1,"CS",NA
"752",752,"lZ1mj0YAAAAJ","EILEEN M REDMOND ",0,1,"BIO",NA
"753",753,"lZSTLr0AAAAJ","KHALIL NAJAFI ",0,1,"CS",NA
"754",754,"l_9TshUAAAAJ","ROGER M NISBET ",0,1,"BIO",NA
"755",755,"l_K1pgUAAAAJ","STEPHEN L HAJDUK ",0,1,"BIO",NA
"756",756,"m1qAiOUAAAAJ","TERRENCE JOSEPH SEJNOWSKI ",0,1,"CS",NA
"757",757,"M4AL53YAAAAJ","DENNIS G KAFURA ",0,1,"CS",NA
"758",758,"M4xQUc0AAAAJ","ALAN LEROY SCOTT ",0,1,"BIO",NA
"759",759,"sUo8vqYAAAAJ","JONATHAN D DINMAN ",0,1,"BIO",NA
"760",760,"M6uUMREAAAAJ","QAIS AL-AWQATI ",0,1,"BIO",NA
"761",761,"m6_ZE3MAAAAJ","JEFFREY SKOLNICK ",0,1,"BIO",NA
"762",762,"MA8rI0MAAAAJ","HENRIK ISKOV CHRISTENSEN ",0,1,"CS",NA
"763",763,"mB5xnfMAAAAJ","REX L CHISHOLM ",0,1,"BIO",NA
"764",764,"MCe-I6wAAAAJ","DAVID ISAAC ZUCKERMAN ",0,1,"CS",NA
"765",765,"VwQRddkAAAAJ","RUSSELL IMPAGLIAZZO ",0,1,"CS",NA
"766",766,"MCWcNrgAAAAJ","NELSON GEORGE HAIRSTON ",0,1,"BIO",NA
"767",767,"mF8cdJUAAAAJ","DAVID B WILSON ",0,1,"BIO",NA
"768",768,"mhlvI8wAAAAJ","PATRICK M COUSOT ",0,1,"CS",NA
"769",769,"Mhs-k4IAAAAJ","ROY E RITZMANN ",0,1,"BIO",NA
"770",770,"mHwonDEAAAAJ","J XU ",0,1,"CS",NA
"771",771,"MjmBY5AAAAAJ","JOHN C HART ",0,1,"CS",NA
"772",772,"MJxapkwAAAAJ","JOHN TOWER ",0,1,"BIO",NA
"773",773,"MK2UiHcAAAAJ","WAYNE F ANDERSON ",0,1,"BIO",NA
"774",774,"mko42a0AAAAJ","LEONARD NUNNEY ",0,1,"BIO",NA
"775",775,"MlZq4XwAAAAJ","YIMING YANG ",0,1,"CS",NA
"776",776,"mMyjn7YAAAAJ","ALEXANDER F SCHIER ",0,1,"BIO",NA
"777",777,"mn1QyYgAAAAJ","ROBERT L DRYSDALE ",0,1,"CS",NA
"778",778,"MnfzuPYAAAAJ","TOM M MITCHELL ",0,1,"CS",NA
"779",779,"mNuzGVcAAAAJ","WILLIAM R COOK ",0,1,"CS",NA
"780",780,"MOaFLkMAAAAJ","JULIAN I SCHROEDER ",0,1,"BIO",NA
"781",781,"mOJJl04AAAAJ","DANIEL ROBERT SCHOENBERG ",0,1,"BIO",NA
"782",782,"moocej8AAAAJ","DAVID WILLIAM STEPHENS ",0,1,"BIO",NA
"783",783,"Mp1ZTuMAAAAJ","RICHARD ALBERT LUETTICH ",0,1,"BIO",NA
"784",784,"MvZGiDgAAAAJ","JAMES W HICKS ",0,1,"BIO",NA
"785",785,"MWAFMFMAAAAJ","BRYAN NICHOLAS DANFORTH ",0,1,"BIO",NA
"786",786,"MYqlcPgAAAAJ","THOMAS E ANDERSON ",0,1,"CS",NA
"787",787,"NhY4TT4AAAAJ","EDWARD D LAZOWSKA ",0,1,"CS",NA
"788",788,"ymwKqZsAAAAJ","HENRY M LEVY ",0,1,"CS",NA
"789",789,"M_wn8q0AAAAJ","LAWRENCE PHILIP WACKETT ",0,1,"BIO",NA
"790",790,"n3LTWi8AAAAJ","WALTER L RUZZO ",0,1,"CS",NA
"791",791,"n7HjYQoAAAAJ","ROBERT L BRYANT ",0,1,"CS",NA
"792",792,"n7Z3EDsAAAAJ","RONALD D SCHRIMPF ",0,1,"CS",NA
"793",793,"narQv40AAAAJ","CHRISTINE ANNE BIRON ",0,1,"BIO",NA
"794",794,"nAtfgOYAAAAJ","SHANG TIAN YANG ",0,1,"BIO",NA
"795",795,"nbM0mzwAAAAJ","WAYNE K POTTS ",0,1,"BIO",NA
"796",796,"nbpafUkAAAAJ","DAVID ALLEN MCALLESTER ",0,1,"CS",NA
"797",797,"ncgNqP8AAAAJ","ANDREW G STEPHENSON ",0,1,"BIO",NA
"798",798,"NCQ3E5sAAAAJ","MICHAEL R ROSE ",0,1,"BIO",NA
"799",799,"NCQuZX0AAAAJ","DIRK GUCHT ",0,1,"CS",NA
"800",800,"ND0FM6EAAAAJ","PATRICK JAILLET ",0,1,"CS",NA
"801",801,"nd8lQQIAAAAJ","CHRISTOS N FALOUTSOS ",0,1,"CS",NA
"802",802,"ndc9Yw8AAAAJ","VILMA A YUZBASIYAN-GURKAN ",0,1,"BIO",NA
"803",803,"nDH-AqwAAAAJ","JOHN K OUSTERHOUT ",0,1,"CS",NA
"804",804,"zqPtcskAAAAJ","JOHN H HARTMAN ",0,1,"CS",NA
"805",805,"NdIeYpEAAAAJ","PITU B MIRCHANDANI ",0,1,"CS",NA
"806",806,"NDit5dwAAAAJ","C DAVIS JAMES ",0,1,"BIO",NA
"807",807,"NdNSXFkAAAAJ","PETER N DEVREOTES ",0,1,"BIO",NA
"808",808,"nEAp11sAAAAJ","FRANK W ROCKHOLD ",0,1,"BIO",NA
"809",809,"NEqM-4IAAAAJ","R HOLLAND CHENG ",0,1,"BIO",NA
"810",810,"NE_tfEIAAAAJ","A SINGH ",0,1,"CS",NA
"811",811,"thy6vUkAAAAJ","K SINGH ",0,1,"CS",NA
"812",812,"nFdbcvsAAAAJ","MIRON LIVNY ",0,1,"CS",NA
"813",813,"NFdG-GMAAAAJ","YOAV S FREUND ",0,1,"CS",NA
"814",814,"nHdZpMUAAAAJ","OSVALDO HECTOR CAMPANELLA ",0,1,"BIO",NA
"815",815,"NhnK838AAAAJ","CHARLES WILLIAM ANDERSON ",0,1,"CS",NA
"816",816,"niE2OkIAAAAJ","MITCHELL PHILIP MARCUS ",0,1,"CS",NA
"817",817,"NjfTEZsAAAAJ","CURTIS M LIVELY ",0,1,"BIO",NA
"818",818,"njG9diQAAAAJ","NAOMI ELLEN PIERCE ",0,1,"BIO",NA
"819",819,"njpX--gAAAAJ","DANIEL K SCHWARTZ ",0,1,"BIO",NA
"820",820,"nK3RdOIAAAAJ","G SINGH ",0,1,"BIO",NA
"821",821,"nNU3STcAAAAJ","PETER KAZANZIDES ",0,1,"CS",NA
"822",822,"Ph16U5wAAAAJ","RUSSELL HIGHSMITH TAYLOR ",0,1,"CS",NA
"823",823,"NOi4NtYAAAAJ","J ROBERT MANAK ",0,1,"BIO",NA
"824",824,"np2P8G8AAAAJ","ELENA RIVAS ",0,1,"BIO",NA
"825",825,"nPzV2RIAAAAJ","JOHN P ROSE ",0,1,"BIO",NA
"826",826,"NQLfHBIAAAAJ","HUGH STANLEY MASON ",0,1,"BIO",NA
"827",827,"NRAo--UAAAAJ","PATRICE KOEHL ",0,1,"CS",NA
"828",828,"NRfuSNcAAAAJ","HOLLY BRUGGE JIMISON ",0,1,"CS",NA
"829",829,"nUfFpt0AAAAJ","JON ALLEN SEGER ",0,1,"BIO",NA
"830",830,"nVksQusAAAAJ","KENNETH J SYTSMA ",0,1,"BIO",NA
"831",831,"nwfZfqoAAAAJ","ALAIN J MARTIN ",0,1,"CS",NA
"832",832,"NWuJZEAAAAAJ","J MICHAEL DUNN ",0,1,"CS",NA
"833",833,"NxBuRgcAAAAJ","ANDREA C CALIFANO ",0,1,"BIO",NA
"834",834,"nXJkAnAAAAAJ","ROBERT EUGENE BLANKENSHIP ",0,1,"BIO",NA
"835",835,"nYdU_wgAAAAJ","GREGORY R MADEY ",0,1,"CS",NA
"836",836,"NZdvqZEAAAAJ","MARY B GOLDRING ",0,1,"BIO",NA
"837",837,"nziLHh4AAAAJ","CHRISTOPHER I AMOS ",0,1,"BIO",NA
"838",838,"NzQu5SwAAAAJ","VINEET BAFNA ",0,1,"CS",NA
"839",839,"o0hOu3cAAAAJ","DMITRI A MASLOV ",0,1,"BIO",NA
"840",840,"O1FZe5EAAAAJ","DANIEL MOSSE ",0,1,"CS",NA
"841",841,"O1l6JGkAAAAJ","K VIJAY-SHANKER ",0,1,"CS",NA
"842",842,"o4suLN4AAAAJ","STEPHEN D MILLER ",0,1,"BIO",NA
"843",843,"o5YQMkMAAAAJ","MAJA J MATARIC ",0,1,"CS",NA
"844",844,"O8XxkE4AAAAJ","AIDONG ZHANG ",0,1,"CS",NA
"845",845,"Oa6JkDAAAAAJ","RICHARD W ZIOLKOWSKI ",0,1,"CS",NA
"846",846,"oAaMfQsAAAAJ","DING ZHU DU ",0,1,"CS",NA
"847",847,"oAj9a-wAAAAJ","STEPHEN R CARPENTER ",0,1,"BIO",NA
"848",848,"oD0ISLcAAAAJ","ALEXANDRU NICOLAU ",0,1,"CS",NA
"849",849,"ObnLfeoAAAAJ","CURTIS R BRANDT ",0,1,"BIO",NA
"850",850,"Oc6lqIwAAAAJ","VITALY H CITOVSKY ",0,1,"BIO",NA
"851",851,"oclouSEAAAAJ","JAMES G TIDBALL ",0,1,"BIO",NA
"852",852,"OdWimfcAAAAJ","BARBARA G RYDER ",0,1,"CS",NA
"853",853,"oEHd9sMAAAAJ","ALAN JAY GRODZINSKY ",0,1,"CS",NA
"854",854,"oFiuaXEAAAAJ","LORI A CLARKE ",0,1,"CS",NA
"855",855,"OGbi6t0AAAAJ","JOHN A GOLDSMITH ",0,1,"CS",NA
"856",856,"ogj8ppAAAAAJ","JIM F KUROSE ",0,1,"CS",NA
"857",857,"Ohw-I2sAAAAJ","ANTHONY M SHELTON ",0,1,"BIO",NA
"858",858,"oIdI_PcAAAAJ","DUANE S BONING ",0,1,"CS",NA
"859",859,"okf5bmQAAAAJ","JUDE W SHAVLIK ",0,1,"CS",NA
"860",860,"okJj8GYAAAAJ","MAUREEN R HANSON ",0,1,"BIO",NA
"861",861,"oKRMzLMAAAAJ","STANTON B GELVIN ",0,1,"BIO",NA
"862",862,"Ok_HjPUAAAAJ","CURT M HORVATH ",0,1,"BIO",NA
"863",863,"UyIBJikAAAAJ","ROBERT A LAMB ",0,1,"BIO",NA
"864",864,"ONloO5IAAAAJ","DANIEL A MENASCE ",0,1,"CS",NA
"865",865,"op3lNakAAAAJ","CHRISTIE E WILLIAMS ",0,1,"BIO",NA
"866",866,"oq8WAwsAAAAJ","STUART MERRILL SHIEBER ",0,1,"CS",NA
"867",867,"OQbV_3UAAAAJ","MITCHELL L SOGIN ",0,1,"BIO",NA
"868",868,"orHlhhQAAAAJ","GUL A AGHA ",0,1,"CS",NA
"869",869,"OrhUjqEAAAAJ","GHEORGHE D TECUCI ",0,1,"CS",NA
"870",870,"OsoQ-dcAAAAJ","PADHRAIC SMYTH ",0,1,"CS",NA
"871",871,"OSxYKeQAAAAJ","DINSHAW J PATEL ",0,1,"BIO",NA
"872",872,"OT79Y9UAAAAJ","MOSTAFA HAMED AMMAR ",0,1,"CS",NA
"873",873,"OtbhlmIAAAAJ","WILLIAM R RICE ",0,1,"BIO",NA
"874",874,"otivCBQAAAAJ","VIRGINIA WALBOT ",0,1,"BIO",NA
"875",875,"OTk0hA0AAAAJ","RICARDO C ARANEDA ",0,1,"BIO",NA
"876",876,"ouLKf2YAAAAJ","SCOTT D EMR ",0,1,"BIO",NA
"877",877,"pGGjfS8AAAAJ","DANIEL J KLIONSKY ",0,1,"BIO",NA
"878",878,"OwRJIbUAAAAJ","DAVID I SHALLOWAY ",0,1,"BIO",NA
"879",879,"oy7TshoAAAAJ","ANDREW AUSTIN BIEWENER ",0,1,"BIO",NA
"880",880,"oY9R5YQAAAAJ","JITENDRA MALIK ",0,1,"CS",NA
"881",881,"O_7MVDIAAAAJ","ELI UPFAL ",0,1,"CS",NA
"882",882,"p0sQC6sAAAAJ","MICHAEL JAY FRANKLIN ",0,1,"CS",NA
"883",883,"p26NfLgAAAAJ","SHASHI SHEKHAR ",0,1,"CS",NA
"884",884,"p2Kq0Q4AAAAJ","RICHARD E MICHOD ",0,1,"BIO",NA
"885",885,"su0fdf0AAAAJ","MARTIN F WOJCIECHOWSKI ",0,1,"BIO",NA
"886",886,"p2ttvlEAAAAJ","RICHARD JOHN COLE ",0,1,"CS",NA
"887",887,"P3JdmqAAAAAJ","DAVID THEODORE BLAAUW ",0,1,"CS",NA
"888",888,"P5CovF0AAAAJ","GUIDO GERIG ",0,1,"CS",NA
"889",889,"p5oWQ0AAAAAJ","TIM FININ ",0,1,"CS",NA
"890",890,"p9RsPG4AAAAJ","RAYMOND JOSEPH MOONEY ",0,1,"CS",NA
"891",891,"pAI5S50AAAAJ","J ROSS BEVERIDGE ",0,1,"CS",NA
"892",892,"pAUVJS0AAAAJ","KARL J LIEBERHERR ",0,1,"CS",NA
"893",893,"PBo0rn4AAAAJ","MATTHEW D WELCH ",0,1,"BIO",NA
"894",894,"PC3lRvwAAAAJ","DAVID A LEIB ",0,1,"BIO",NA
"895",895,"PCSnKs8AAAAJ","NICHOLAS C CARPITA ",0,1,"BIO",NA
"896",896,"pEU-dQUAAAAJ","HOWARD A SHUMAN ",0,1,"BIO",NA
"897",897,"PF5yTcsAAAAJ","DAVID JOHN BOTTJER ",0,1,"BIO",NA
"898",898,"PfeGL9gAAAAJ","JOSE AB FORTES ",0,1,"CS",NA
"899",899,"PHhhXC0AAAAJ","ALAN BARRY ROSE ",0,1,"BIO",NA
"900",900,"pHSfld4AAAAJ","ROBERT WARNER STERNER ",0,1,"BIO",NA
"901",901,"PiddTHsAAAAJ","JOHN C SCHIMENTI ",0,1,"BIO",NA
"902",902,"pJ28HA0AAAAJ","BART SELMAN ",0,1,"CS",NA
"903",903,"WxQyOYQAAAAJ","HENRY A KAUTZ ",0,1,"CS",NA
"904",904,"Pjjq5SQAAAAJ","DIPAK GHOSAL ",0,1,"CS",NA
"905",905,"pK034F0AAAAJ","DAVID SCOTT GOLDFARB ",0,1,"BIO",NA
"906",906,"PkfChMgAAAAJ","RANDY HOWARD KATZ ",0,1,"CS",NA
"907",907,"Wj4ZBFIAAAAJ","DAVID A PATTERSON ",0,1,"CS",NA
"908",908,"WYctQAQAAAAJ","GARTH A GIBSON ",0,1,"CS",NA
"909",909,"UCiXhq4AAAAJ","DAVID A WOOD ",0,1,"CS",NA
"910",910,"tp07xT0AAAAJ","JOHN L HENNESSY ",0,1,"CS",NA
"911",911,"PKr0chgAAAAJ","S SHARMA ",0,1,"BIO",NA
"912",912,"pktpbkEAAAAJ","FRANCOIS M LUTZONI ",0,1,"BIO",NA
"913",913,"PLJ0L4QAAAAJ","DEBORAH L MCGUINNESS ",0,1,"CS",NA
"914",914,"PLt9wB8AAAAJ","VS A SUBRAHMANIAN ",0,1,"CS",NA
"915",915,"twwFv3QAAAAJ","JAN CHOMICKI ",0,1,"CS",NA
"916",916,"plYoF-MAAAAJ","PAUL WILLIAM BEAME ",0,1,"CS",NA
"917",917,"uLsDDUMAAAAJ","RICHARD J ANDERSON ",0,1,"CS",NA
"918",918,"pNKH6b8AAAAJ","SOUMITRA SENGUPTA ",0,1,"BIO",NA
"919",919,"zGSP_osAAAAJ","OURI WOLFSON ",0,1,"CS",NA
"920",920,"pOd2M64AAAAJ","DAVID PAUL WILLIAMSON ",0,1,"CS",NA
"921",921,"ujDhg2sAAAAJ","KATHLEEN R MCKEOWN ",0,1,"CS",NA
"922",922,"pPB_WK0AAAAJ","TANDY JO WARNOW ",0,1,"CS",NA
"923",923,"PqdLgQ0AAAAJ","DARRELL DON LONG ",0,1,"CS",NA
"924",924,"PqtYDZQAAAAJ","RAYMOND L RODRIGUEZ ",0,1,"BIO",NA
"925",925,"pr8YcVIAAAAJ","JONATHAN Z SIMON ",0,1,"BIO",NA
"926",926,"pRWAwVEAAAAJ","KENNETH MATTHEW OLSEN ",0,1,"BIO",NA
"927",927,"PUFxrroAAAAJ","EDUARD H HOVY ",0,1,"CS",NA
"928",928,"puQs_pcAAAAJ","GRAHAM F HATFULL ",0,1,"BIO",NA
"929",929,"PVdueKUAAAAJ","JOHN BLENIS ",0,1,"BIO",NA
"930",930,"pwhyTq0AAAAJ","THOMAS WILLIAM REPS ",0,1,"CS",NA
"931",931,"PWp9YUUAAAAJ","DAVID R CARRIER ",0,1,"BIO",NA
"932",932,"pxc_-XYAAAAJ","MARTHA STONE PALMER ",0,1,"CS",NA
"933",933,"py3k-ykAAAAJ","VINCENT R RACANIELLO ",0,1,"BIO",NA
"934",934,"PyM-ZRAAAAAJ","ANDRE A DHONDT ",0,1,"BIO",NA
"935",935,"Pz0YttAAAAAJ","NASIR D MEMON ",0,1,"CS",NA
"936",936,"PzaBy-UAAAAJ","MICHAEL LEE SCOTT ",0,1,"CS",NA
"937",937,"pZhZndYAAAAJ","RONITT RUBINFELD ",0,1,"CS",NA
"938",938,"q-t3rScAAAAJ","BRENT DRENNEN MISHLER ",0,1,"BIO",NA
"939",939,"q0nuNrEAAAAJ","ALOK NIDHI CHOUDHARY ",0,1,"CS",NA
"940",940,"q16KVs0AAAAJ","DANIEL P HUTTENLOCHER ",0,1,"CS",NA
"941",941,"zZ0-4SUAAAAJ","W ERIC GRIMSON ",0,1,"CS",NA
"942",942,"q1bkP7AAAAAJ","RICHARD M FUJIMOTO ",0,1,"CS",NA
"943",943,"Q3KRC5gAAAAJ","JAREK ROMAN ROSSIGNAC ",0,1,"CS",NA
"944",944,"Q4NenncAAAAJ","GREGORY A VOTH ",0,1,"BIO",NA
"945",945,"q5RyRCMAAAAJ","NEAL S ROSEN ",0,1,"BIO",NA
"946",946,"q5z-aZEAAAAJ","T RM SEASTEDT ",0,1,"BIO",NA
"947",947,"q6LXYtUAAAAJ","MICHAEL L OVERTON ",0,1,"CS",NA
"948",948,"q82gOawAAAAJ","BORIS ARONOV ",0,1,"CS",NA
"949",949,"q92q8SMAAAAJ","S SINGH ",0,1,"CS",NA
"950",950,"q9z6Pt8AAAAJ","H FREDRICK NIJHOUT ",0,1,"BIO",NA
"951",951,"qABYFOIAAAAJ","BETTY HC CHENG ",0,1,"CS",NA
"952",952,"qBTbnEQAAAAJ","MARK STEVEN ACKERMAN ",0,1,"CS",NA
"953",953,"Qc7U3TcAAAAJ","ANNA DI RIENZO ",0,1,"BIO",NA
"954",954,"qCVy9hgAAAAJ","PAUL M THOMPSON ",0,1,"BIO",NA
"955",955,"VBkNT98AAAAJ","DAVID M MILLER ",0,1,"BIO",NA
"956",956,"Qd1nLUYAAAAJ","SCOTT M LANYON ",0,1,"BIO",NA
"957",957,"QeRUVr0AAAAJ","DANIEL L BOLEY ",0,1,"CS",NA
"958",958,"qe_J1w4AAAAJ","LEONID A LEVIN ",0,1,"CS",NA
"959",959,"qFiMLsIAAAAJ","XIAODONG ZHANG ZHANG ",0,1,"CS",NA
"960",960,"qgfEdwUAAAAJ","LINDA A DEEGAN ",0,1,"BIO",NA
"961",961,"QgGaAdsAAAAJ","WAH CHIU ",0,1,"BIO",NA
"962",962,"qHKTzjEAAAAJ","STEPHEN R PALUMBI ",0,1,"BIO",NA
"963",963,"qJ8iOCsAAAAJ","ERICH GROTEWOLD ",0,1,"BIO",NA
"964",964,"Qjb5DnwAAAAJ","LARRY B CROWDER ",0,1,"BIO",NA
"965",965,"QJfhnuYAAAAJ","JOHN F ENGELHARDT ",0,1,"BIO",NA
"966",966,"qjzNW6EAAAAJ","SCOTT BENJAMIN BADEN ",0,1,"CS",NA
"967",967,"QKDzX08AAAAJ","JON M HUIBREGTSE ",0,1,"BIO",NA
"968",968,"qlpCtxAAAAAJ","ADELE L BOSKEY ",0,1,"BIO",NA
"969",969,"qLuAbhMAAAAJ","STEVEN RUDICH ",0,1,"CS",NA
"970",970,"qMOS01AAAAAJ","BONNIE BERGER ",0,1,"CS",NA
"971",971,"qmwdWu8AAAAJ","DONALD R ZAK ",0,1,"BIO",NA
"972",972,"qNznu3kAAAAJ","MUNINDAR PAUL SINGH ",0,1,"CS",NA
"973",973,"qQLlBH4AAAAJ","ROBERT F MURPHY ",0,1,"BIO",NA
"974",974,"qqnXTTwAAAAJ","RUSSELL L MALMBERG ",0,1,"BIO",NA
"975",975,"QR4VpsIAAAAJ","RICHARD J ENBODY ",0,1,"CS",NA
"976",976,"Qrd7FCoAAAAJ","JULIA B HIRSCHBERG ",0,1,"CS",NA
"977",977,"QRrrUU0AAAAJ","Z MERAL OZSOYOGLU ",0,1,"CS",NA
"978",978,"QSY7ufMAAAAJ","DAVID A EPPSTEIN ",0,1,"CS",NA
"979",979,"QWORzTUAAAAJ","PIERRE A COULOMBE ",0,1,"BIO",NA
"980",980,"qYcG-q0AAAAJ","YANXI LIU ",0,1,"CS",NA
"981",981,"Q_lOnawAAAAJ","ELSBETH L WALKER ",0,1,"BIO",NA
"982",982,"UVuQeJIAAAAJ","GLORIA M CORUZZI ",0,1,"BIO",NA
"983",983,"R1Wg5b8AAAAJ","PETER H DUESBERG ",0,1,"BIO",NA
"984",984,"R2isddoAAAAJ","HAROLD P ERICKSON ",0,1,"BIO",NA
"985",985,"R3-8L0EAAAAJ","STEPHEN A ADAM ",0,1,"BIO",NA
"986",986,"R3gBbQ0AAAAJ","J LIN ",0,1,"BIO",NA
"987",987,"r5al7kkAAAAJ","GENE E ROBINSON ",0,1,"BIO",NA
"988",988,"R5nkatMAAAAJ","TAO PAN ",0,1,"BIO",NA
"989",989,"r6cAovIAAAAJ","LOREN GILBERT TERVEEN ",0,1,"CS",NA
"990",990,"r6j_SIcAAAAJ","ALFRED LM BOTHWELL ",0,1,"BIO",NA
"991",991,"r82Kfh0AAAAJ","JONATHAN PRESCOTT STALEY ",0,1,"BIO",NA
"992",992,"R8yXxqkAAAAJ","GEORGE AUSTIN BROOKS ",0,1,"BIO",NA
"993",993,"R94cBVgAAAAJ","SAYAN MUKHERJEE ",0,1,"CS",NA
"994",994,"R9Fr5oIAAAAJ","BV VERKATARAM PRASAD ",0,1,"BIO",NA
"995",995,"RBuoCYEAAAAJ","JOHN RONALD KENDER ",0,1,"CS",NA
"996",996,"RdI0WnQAAAAJ","JOHN H POSTLETHWAIT ",0,1,"BIO",NA
"997",997,"rE4Tz3YAAAAJ","KENNETH ALAN LOPARO ",0,1,"CS",NA
"998",998,"RefX_60AAAAJ","MIGUEL AL NICOLELIS ",0,1,"BIO",NA
"999",999,"rfayeocAAAAJ","FRED LEWIS TERRY ",0,1,"CS",NA
"1000",1000,"rFf-AooAAAAJ","SEAN R EDDY ",0,1,"BIO",NA
"1001",1001,"RhFhIIgAAAAJ","PIERRE F BALDI ",0,1,"CS",NA
"1002",1002,"RhUcYmQAAAAJ","KEITH WIMBERLY ROSS ",0,1,"CS",NA
"1003",1003,"RJhla18AAAAJ","ALEX ORAILOGLU ",0,1,"CS",NA
"1004",1004,"RjxJExgAAAAJ","MARTIN BERZINS ",0,1,"CS",NA
"1005",1005,"RNC-GC0AAAAJ","GILAD J KUPERMAN ",0,1,"BIO",NA
"1006",1006,"rNTIQXYAAAAJ","STEVEN W ZUCKER ",0,1,"CS",NA
"1007",1007,"rPDABdMAAAAJ","BRIAN T CHAIT ",0,1,"BIO",NA
"1008",1008,"RRaDXNQAAAAJ","PAUL SG STEIN ",0,1,"BIO",NA
"1009",1009,"rRxC18AAAAAJ","PRASUN DEWAN ",0,1,"CS",NA
"1010",1010,"rUiWchkAAAAJ","ALEXANDER S SZALAY ",0,1,"CS",NA
"1011",1011,"rVo0piwAAAAJ","C RANDALL LINDER ",0,1,"BIO",NA
"1012",1012,"RXOSedcAAAAJ","MARCO COLOMBINI ",0,1,"BIO",NA
"1013",1013,"RXw9afsAAAAJ","TERENCE HWA ",0,1,"BIO",NA
"1014",1014,"_pPy-pAAAAAJ","MIHALIS YANNAKAKIS ",0,1,"CS",NA
"1015",1015,"RYeexK4AAAAJ","PATRICK R GRIFFIN ",0,1,"BIO",NA
"1016",1016,"RznCjloAAAAJ","RYTAS J VILGALYS ",0,1,"BIO",NA
"1017",1017,"R_fV7c4AAAAJ","DANIEL ZELTERMAN ",0,1,"BIO",NA
"1018",1018,"R_YC_jQAAAAJ","STEVEN EDWARD HYMAN ",0,1,"BIO",NA
"1019",1019,"s-4VGIQAAAAJ","WAYNE ERIC STARK ",0,1,"CS",NA
"1020",1020,"s-FMUNgAAAAJ","GEORGE V LAUDER ",0,1,"BIO",NA
"1021",1021,"S2-glEwAAAAJ","CHARLES FRANCIS DELWICHE ",0,1,"BIO",NA
"1022",1022,"S5B0QmMAAAAJ","AZER BESTAVROS ",0,1,"CS",NA
"1023",1023,"s5vJrNwAAAAJ","F JON KULL ",0,1,"BIO",NA
"1024",1024,"S6-gFiMAAAAJ","ANDREW P DOBSON ",0,1,"BIO",NA
"1025",1025,"S6UR-pkAAAAJ","EMILY H STANLEY ",0,1,"BIO",NA
"1026",1026,"s8e4QnsAAAAJ","ANDREW EDWARD JOHNSON ",0,1,"CS",NA
"1027",1027,"sAkg9T8AAAAJ","C LEE GILES ",0,1,"CS",NA
"1028",1028,"saY3qN5NWbcC","HOLLY EDITH RUSHMEIER ",0,1,"CS",NA
"1029",1029,"SbHBJa3S3XgC","HERBERT GRAVES WINFUL ",0,1,"CS",NA
"1030",1030,"sbI6gvAAAAAJ","CHARLES E SAMUEL ",0,1,"BIO",NA
"1031",1031,"sbyIxv0AAAAJ","BRIGID LM HOGAN ",0,1,"BIO",NA
"1032",1032,"SeW3bhwAAAAJ","PAUL S ROSENBLOOM ",0,1,"CS",NA
"1033",1033,"YOVZiJkAAAAJ","MILIND TAMBE ",0,1,"CS",NA
"1034",1034,"sFtFo44AAAAJ","KALPANA GHOSHAL ",0,1,"BIO",NA
"1035",1035,"SfWhUQEAAAAJ","CHARLES W MITTER ",0,1,"BIO",NA
"1036",1036,"Sf_1jXkAAAAJ","TA YUAN CHANG ",0,1,"BIO",NA
"1037",1037,"SG5c300AAAAJ","ALICE L ALLDREDGE ",0,1,"BIO",NA
"1038",1038,"SGCNgQQAAAAJ","MARY B KENNEDY ",0,1,"BIO",NA
"1039",1039,"SgQislgAAAAJ","JOHN THOMAS LIS ",0,1,"BIO",NA
"1040",1040,"sHJ-AioAAAAJ","JEAN LAURENT CASANOVA ",0,1,"BIO",NA
"1041",1041,"si3UgDwAAAAJ","ANDREW PETER MARTIN ",0,1,"BIO",NA
"1042",1042,"SIcRijoAAAAJ","ROBIN ROBERSON MURPHY ",0,1,"CS",NA
"1043",1043,"SlXqNooAAAAJ","LUI SHA ",0,1,"CS",NA
"1044",1044,"snO5M-8AAAAJ","G DAVID FORNEY ",0,1,"CS",NA
"1045",1045,"soiDQbQAAAAJ","ZHAOJUN J BAI ",0,1,"CS",NA
"1046",1046,"SoNEZA8AAAAJ","JAMES H HURLEY ",0,1,"BIO",NA
"1047",1047,"SpC-lucAAAAJ","QING HU ",0,1,"CS",NA
"1048",1048,"sQ8u6h4AAAAJ","CARLA E BRODLEY ",0,1,"CS",NA
"1049",1049,"SqC-kTwAAAAJ","IAN GORTON ",0,1,"CS",NA
"1050",1050,"SQIewXAAAAAJ","DAVID KELLER JACOBS ",0,1,"BIO",NA
"1051",1051,"sSS9gSoAAAAJ","MICHAEL TRUMAN GOODRICH ",0,1,"CS",NA
"1052",1052,"uc8_eH0AAAAJ","MIKHAIL J ATALLAH ",0,1,"CS",NA
"1053",1053,"sUPIHAQAAAAJ","DEBORAH E GOLDBERG ",0,1,"BIO",NA
"1054",1054,"sUVeH-4AAAAJ","STEVEN L SALZBERG ",0,1,"CS",NA
"1055",1055,"svnoYbAAAAAJ","KENNETH A JOHNSON ",0,1,"BIO",NA
"1056",1056,"sVRNOg0AAAAJ","BRADLEY J LUCIER ",0,1,"CS",NA
"1057",1057,"sxjynOsAAAAJ","FRED B SCHNEIDER ",0,1,"CS",NA
"1058",1058,"SXxEJvMAAAAJ","DARIA D MOCHLY-ROSEN ",0,1,"BIO",NA
"1059",1059,"szsAigoAAAAJ","ISAAC D SCHERSON ",0,1,"CS",NA
"1060",1060,"S_jYB2sAAAAJ","AARTI GUPTA ",0,1,"CS",NA
"1061",1061,"t-VqN7sAAAAJ","REID G SIMMONS ",0,1,"CS",NA
"1062",1062,"t0Sk55AAAAAJ","SCOTT VERNON EDWARDS ",0,1,"BIO",NA
"1063",1063,"T2tYWWMAAAAJ","HH AM SHUGART ",0,1,"BIO",NA
"1064",1064,"t3TgxNwAAAAJ","PETER SCHROEDER ",0,1,"CS",NA
"1065",1065,"t5PHthoAAAAJ","CAROLYN RUTH BERTOZZI ",0,1,"BIO",NA
"1066",1066,"t6XVnH8AAAAJ","JAMES S CLARK ",0,1,"BIO",NA
"1067",1067,"TarnQO8AAAAJ","SHRIPAD D TULJAPURKAR ",0,1,"BIO",NA
"1068",1068,"tctarcMAAAAJ","LINDA K NICHOLSON ",0,1,"BIO",NA
"1069",1069,"TdPArcoAAAAJ","ROBERT ALAN LINSENMEIER ",0,1,"BIO",NA
"1070",1070,"tf-3oyEAAAAJ","STEVEN K SCHMIDT ",0,1,"BIO",NA
"1071",1071,"tfe0tsIAAAAJ","SUSAN ARMSTRONG HENRY ",0,1,"BIO",NA
"1072",1072,"Tg4ndREAAAAJ","WILLIAM C GHIORSE ",0,1,"BIO",NA
"1073",1073,"TGypwUsAAAAJ","LEE BARDWELL ",0,1,"BIO",NA
"1074",1074,"th--KvkAAAAJ","J CLARK LAGARIAS ",0,1,"BIO",NA
"1075",1075,"TH512IgAAAAJ","PRASAD JAYANTI ",0,1,"CS",NA
"1076",1076,"THBa5yoAAAAJ","GANESAN NARSIMHAN ",0,1,"BIO",NA
"1077",1077,"thiYWA4AAAAJ","DANIEL C STEIN ",0,1,"BIO",NA
"1078",1078,"tI8OPH0AAAAJ","WILLIAM J RAPAPORT ",0,1,"CS",NA
"1079",1079,"Uttu9kkAAAAJ","ROHINI K SRIHARI ",0,1,"CS",NA
"1080",1080,"TJMHkwIAAAAJ","EFRAIN CHARLES AZMITIA ",0,1,"BIO",NA
"1081",1081,"TkayRqQAAAAJ","BRUCE RANDALL DONALD ",0,1,"CS",NA
"1082",1082,"tlh8i7gAAAAJ","BRIAN LEE CURLESS ",0,1,"CS",NA
"1083",1083,"TmhHwmQAAAAJ","JANE GLAZEBROOK ",0,1,"BIO",NA
"1084",1084,"tMWwWEAAAAAJ","RICHARD I MORIMOTO ",0,1,"BIO",NA
"1085",1085,"tNmIw4MAAAAJ","AMR EL ABBADI ",0,1,"CS",NA
"1086",1086,"XcaEg-cAAAAJ","DIVYAKANT AGRAWAL ",0,1,"CS",NA
"1087",1087,"TOmDIqIAAAAJ","ANNE ROGERS ",0,1,"CS",NA
"1088",1088,"zdnAkgsAAAAJ","JOSEP TORRELLAS ",0,1,"CS",NA
"1089",1089,"TPOorDcAAAAJ","LAXMIKANT VASUDEO KALE ",0,1,"CS",NA
"1090",1090,"tqF2ld4AAAAJ","ERIC D MJOLSNESS ",0,1,"CS",NA
"1091",1091,"TqxzvywAAAAJ","ROBERT B DARNELL ",0,1,"BIO",NA
"1092",1092,"tR5MNfkAAAAJ","SOHA MN HASSOUN ",0,1,"CS",NA
"1093",1093,"tR7uT7UAAAAJ","LYNN WILLIAM ENQUIST ",0,1,"BIO",NA
"1094",1094,"tRerdSIAAAAJ","DANNY Z CHEN ",0,1,"CS",NA
"1095",1095,"tRfX-ckAAAAJ","WALTER P CARSON ",0,1,"BIO",NA
"1096",1096,"TrGbnnwAAAAJ","MICHAEL N SAWKA ",0,1,"BIO",NA
"1097",1097,"TRX3MyYAAAAJ","BERNARD A ENGEL ",0,1,"BIO",NA
"1098",1098,"tsUKOwYAAAAJ","JUDITH L BRONSTEIN ",0,1,"BIO",NA
"1099",1099,"TUgQVOYAAAAJ","DAVID M HILLIS ",0,1,"BIO",NA
"1100",1100,"tuzMchcAAAAJ","JAMES R WILLIAMSON ",0,1,"BIO",NA
"1101",1101,"TVIMFxkAAAAJ","JOSEPH MK IRUDAYARAJ ",0,1,"BIO",NA
"1102",1102,"TVOX8wQAAAAJ","TOM L RICHARD ",0,1,"BIO",NA
"1103",1103,"TW6dnZUAAAAJ","KRISHNA V PALEM ",0,1,"CS",NA
"1104",1104,"TwRylasAAAAJ","PAOLO SASSONE-CORSI ",0,1,"BIO",NA
"1105",1105,"txdJApMAAAAJ","GEORGE NELSON BENNETT ",0,1,"BIO",NA
"1106",1106,"tXXbdq0AAAAJ","STEPHEN PATRICK MAYFIELD ",0,1,"BIO",NA
"1107",1107,"T_O6pjEAAAAJ","ANDREW S GRIMSHAW ",0,1,"CS",NA
"1108",1108,"u0X-z5wAAAAJ","ROBERT H DAVIS ",0,1,"BIO",NA
"1109",1109,"U3CXAPsAAAAJ","ALESSANDRO VESPIGNANI ",0,1,"CS",NA
"1110",1110,"u7ltfYEAAAAJ","NORBERT F SCHERER ",0,1,"BIO",NA
"1111",1111,"u7MvE5MAAAAJ","ALAN MUNTE JONES ",0,1,"BIO",NA
"1112",1112,"U9HQ2qUAAAAJ","WILLIAM F PUNCH ",0,1,"CS",NA
"1113",1113,"ua4eNI0AAAAJ","FERNANDO J PINEDA ",0,1,"BIO",NA
"1114",1114,"UAb82rcAAAAJ","MICHAEL J MATUNIS ",0,1,"BIO",NA
"1115",1115,"ubiUvvgAAAAJ","KEITH DANIEL COOPER ",0,1,"CS",NA
"1116",1116,"uc44q3sAAAAJ","JONATHAN D GITLIN ",0,1,"BIO",NA
"1117",1117,"uDwy_JgAAAAJ","EDWARD ALLAN FOX ",0,1,"CS",NA
"1118",1118,"UE61txYAAAAJ","JAMES LB MALLET ",0,1,"BIO",NA
"1119",1119,"UEI2g60AAAAJ","DAVID PATRICK WALKER ",0,1,"CS",NA
"1120",1120,"UF1_VRcAAAAJ","JANE SHELBY RICHARDSON ",0,1,"BIO",NA
"1121",1121,"UgKiJTsAAAAJ","LEO BACHMAIR ",0,1,"CS",NA
"1122",1122,"uHwTzpYAAAAJ","ALEX H WAIBEL ",0,1,"CS",NA
"1123",1123,"uJbM58UAAAAJ","ROBBERT RENESSE ",0,1,"CS",NA
"1124",1124,"UJVBYAIAAAAJ","QIANG CHEN ",0,1,"BIO",NA
"1125",1125,"uoQJeI4AAAAJ","DANIEL H HERSCHLAG ",0,1,"BIO",NA
"1126",1126,"Uph176YAAAAJ","RINA DECHTER ",0,1,"CS",NA
"1127",1127,"UQ9Ws6wAAAAJ","DENNIS E SHASHA ",0,1,"CS",NA
"1128",1128,"urTiL7QAAAAJ","DAVID EARL CULLER ",0,1,"CS",NA
"1129",1129,"UruIct4AAAAJ","MICHAEL P WELLMAN ",0,1,"CS",NA
"1130",1130,"us2tDNEAAAAJ","DOUGLAS R TAYLOR ",0,1,"BIO",NA
"1131",1131,"uTqQopAAAAAJ","SOMA CHAUDHURI ",0,1,"CS",NA
"1132",1132,"uurQUZIAAAAJ","DAVID E SOMERS ",0,1,"BIO",NA
"1133",1133,"UvFrX04AAAAJ","RAFAIL M OSTROVSKY ",0,1,"CS",NA
"1134",1134,"UVGe0gQAAAAJ","JASON JINGSHENG CONG ",0,1,"CS",NA
"1135",1135,"uvoOgnwAAAAJ","GANESH C GOPALAKRISHNAN ",0,1,"CS",NA
"1136",1136,"uwAJuBQAAAAJ","JEFFREY R MORGAN ",0,1,"BIO",NA
"1137",1137,"UwFA1KoAAAAJ","SAUMYA K DEBRAY ",0,1,"CS",NA
"1138",1138,"uWsBKQ0AAAAJ","BERTHOLD KP HORN ",0,1,"CS",NA
"1139",1139,"uy8T6BYAAAAJ","DAVID LANSING DILL ",0,1,"CS",NA
"1140",1140,"uZ9G85sAAAAJ","CLAUDE DESPLAN ",0,1,"BIO",NA
"1141",1141,"uzDaznAAAAAJ","JOSHUA P SCHIMEL ",0,1,"BIO",NA
"1142",1142,"uZg9l58AAAAJ","DANIEL S JURAFSKY ",0,1,"CS",NA
"1143",1143,"v0gn6NEAAAAJ","JAMES W CURTSINGER ",0,1,"BIO",NA
"1144",1144,"v2X9gX8AAAAJ","DONALD R PERLIS ",0,1,"CS",NA
"1145",1145,"v6PsQKIAAAAJ","DAVID M MOUNT ",0,1,"CS",NA
"1146",1146,"V9bLXZoAAAAJ","GLEN MICHAEL MACDONALD ",0,1,"BIO",NA
"1147",1147,"vB96fX8AAAAJ","WILLIAM D GROPP ",0,1,"CS",NA
"1148",1148,"Vbv-JEwAAAAJ","CALTON PU ",0,1,"CS",NA
"1149",1149,"vBvszjkAAAAJ","SUSE B BROYDE ",0,1,"BIO",NA
"1150",1150,"Vc58tYYAAAAJ","MARGARET MYERS BURNETT ",0,1,"CS",NA
"1151",1151,"VDMARucAAAAJ","CALVIN LIN ",0,1,"CS",NA
"1152",1152,"VFMbBPgAAAAJ","JAN F PRINS ",0,1,"CS",NA
"1153",1153,"VFQRIOwAAAAJ","STEPHEN J WRIGHT ",0,1,"CS",NA
"1154",1154,"VioWXMgAAAAJ","JOHN LUCIEN FALCONER ",0,1,"BIO",NA
"1155",1155,"vivnVgIAAAAJ","STEPHEN P GOFF ",0,1,"BIO",NA
"1156",1156,"XZkvOTEAAAAJ","KEVIN W BOWYER ",0,1,"CS",NA
"1157",1157,"Vj55OEUAAAAJ","ALEXANDER HOFFMANN ",0,1,"BIO",NA
"1158",1158,"vJbjqpIAAAAJ","VIPIN CHAUDHARY ",0,1,"CS",NA
"1159",1159,"VjNg25EAAAAJ","ASHOK KUMAR GOEL ",0,1,"CS",NA
"1160",1160,"vL6ubpMAAAAJ","DEBRA J RICHARDSON ",0,1,"CS",NA
"1161",1161,"vMDCJHcAAAAJ","CAMILLO JOSE TAYLOR ",0,1,"CS",NA
"1162",1162,"vNCcKo0AAAAJ","PETER GACS ",0,1,"CS",NA
"1163",1163,"VoAHydgAAAAJ","DAN GUSFIELD ",0,1,"CS",NA
"1164",1164,"vPdjmBMAAAAJ","KEIKO U TORII ",0,1,"BIO",NA
"1165",1165,"VpdYemsAAAAJ","ASSAF J KFOURY ",0,1,"CS",NA
"1166",1166,"vqCQtQEAAAAJ","WILLIAM S YORK ",0,1,"BIO",NA
"1167",1167,"VROUC6oAAAAJ","THOMAS JOHN ROSOL ",0,1,"BIO",NA
"1168",1168,"vSeHOe4AAAAJ","VENKATESH N MURTHY ",0,1,"BIO",NA
"1169",1169,"vsj2slIAAAAJ","ALBERT LASZLO BARABASI ",0,1,"CS",NA
"1170",1170,"vtcDGNYAAAAJ","TRACY ALAN VILLAREAL ",0,1,"BIO",NA
"1171",1171,"vth4SIcAAAAJ","S FELIX WU ",0,1,"CS",NA
"1172",1172,"vTndEfoAAAAJ","CHI-LIEN CHENG ",0,1,"BIO",NA
"1173",1173,"vUDs6oEAAAAJ","JOHN S OLSON ",0,1,"BIO",NA
"1174",1174,"vuxET5YAAAAJ","MICHAEL W KLYMKOWSKY ",0,1,"BIO",NA
"1175",1175,"VuYoV78AAAAJ","ROBYN JEANETTE BURNHAM ",0,1,"BIO",NA
"1176",1176,"VV48RpEAAAAJ","GARY J BISHOP ",0,1,"CS",NA
"1177",1177,"VVPS_0UAAAAJ","CAREN CHANG ",0,1,"BIO",NA
"1178",1178,"VvQ_QYkAAAAJ","ROGER T HANLON ",0,1,"BIO",NA
"1179",1179,"vxmUoXEAAAAJ","LAWRENCE A BIRNBAUM ",0,1,"CS",NA
"1180",1180,"vxwBs3kAAAAJ","JULIA BAILEY-SERRES ",0,1,"BIO",NA
"1181",1181,"vY7MdLYAAAAJ","KANG GEUN SHIN ",0,1,"CS",NA
"1182",1182,"vygtLDcAAAAJ","RICHARD K FURUTA ",0,1,"CS",NA
"1183",1183,"VYOLjl8AAAAJ","ALAN R HAUSER ",0,1,"BIO",NA
"1184",1184,"vZq8qQ4AAAAJ","JOSEPH FELSENSTEIN ",0,1,"BIO",NA
"1185",1185,"v_KM91IAAAAJ","KYUNG HWAN HAN ",0,1,"BIO",NA
"1186",1186,"w0hg2MoAAAAJ","FRANK MAJOR SHIPMAN ",0,1,"CS",NA
"1187",1187,"w0Vl_lsAAAAJ","ALLEN ROBERT TANNENBAUM ",0,1,"CS",NA
"1188",1188,"W1wn0zAAAAAJ","PINCHAS COHEN ",0,1,"BIO",NA
"1189",1189,"W3-SgVAAAAAJ","DAVID B WELCH ",0,1,"BIO",NA
"1190",1190,"W4TCTGQAAAAJ","JOSE ALBERTO FEIJO ",0,1,"BIO",NA
"1191",1191,"w99b8LQAAAAJ","VIRGINIA E PAPAIOANNOU ",0,1,"BIO",NA
"1192",1192,"w9oekBcAAAAJ","VOLKER P BRENDEL ",0,1,"BIO",NA
"1193",1193,"WAMUnQ0AAAAJ","MAUREEN ELIZABETH HOATLIN ",0,1,"BIO",NA
"1194",1194,"watx0IAAAAAJ","EDWARD WILLIAM FELTEN ",0,1,"CS",NA
"1195",1195,"wAvLcd4AAAAJ","BRUCE M APPLEGATE ",0,1,"BIO",NA
"1196",1196,"wC_ntLYAAAAJ","ANDREW WS APPEL ",0,1,"CS",NA
"1197",1197,"wDYPIQYAAAAJ","SHARON MIRIAM SWARTZ ",0,1,"BIO",NA
"1198",1198,"whhr40wAAAAJ","CHRISTOPHER B FIELD ",0,1,"BIO",NA
"1199",1199,"Why1TLIAAAAJ","ROBERT H ROBICHAUX ",0,1,"BIO",NA
"1200",1200,"wil5NhcAAAAJ","FRANCES H ARNOLD ",0,1,"BIO",NA
"1201",1201,"wjPrcoUAAAAJ","RICHARD E LENSKI ",0,1,"BIO",NA
"1202",1202,"wkC9xHMAAAAJ","JUSTINE CASSELL ",0,1,"CS",NA
"1203",1203,"WKfXwHkAAAAJ","RUSSELL DAWSON FERNALD ",0,1,"BIO",NA
"1204",1204,"WLN3QrAAAAAJ","YANN ANDRE LECUN ",0,1,"CS",NA
"1205",1205,"WLsp7pEAAAAJ","OWEN L ASTRACHAN ",0,1,"CS",NA
"1206",1206,"WLvuu74AAAAJ","GENE Y TSUDIK ",0,1,"CS",NA
"1207",1207,"WnJPVDMAAAAJ","W MARK SALTZMAN ",0,1,"BIO",NA
"1208",1208,"wOYUPpwAAAAJ","RAMESH C JAIN ",0,1,"CS",NA
"1209",1209,"WPwXQlEAAAAJ","JACK RAYMOND WANDS ",0,1,"BIO",NA
"1210",1210,"wQdo-bMAAAAJ","NIKOLAOS P PAPANIKOLOPOULOS ",0,1,"CS",NA
"1211",1211,"wQsQxFoAAAAJ","SAHOTRA SARKAR ",0,1,"BIO",NA
"1212",1212,"wQzELzEAAAAJ","CHRISTOPHER NEILL ",0,1,"BIO",NA
"1213",1213,"Ws0GjboAAAAJ","JAN VITEK ",0,1,"CS",NA
"1214",1214,"WSN7T_YAAAAJ","RONALD CRAIG ARKIN ",0,1,"CS",NA
"1215",1215,"wSslNAcAAAAJ","STEPHEN M HEDRICK ",0,1,"BIO",NA
"1216",1216,"wT-9XmoAAAAJ","ROBERT JOSEPH FULL ",0,1,"BIO",NA
"1217",1217,"WtalCkkAAAAJ","ALEXANDER VARDY ",0,1,"CS",NA
"1218",1218,"WTkytQcAAAAJ","CHRISTINE MARIE JANIS ",0,1,"BIO",NA
"1219",1219,"wUPKh58AAAAJ","ROBERTA L KLATZKY ",0,1,"CS",NA
"1220",1220,"WUWmiBcAAAAJ","EVE E MARDER ",0,1,"BIO",NA
"1221",1221,"wX0XpxMAAAAJ","JOHN M MELLOR-CRUMMEY ",0,1,"CS",NA
"1222",1222,"wYggXHoAAAAJ","ALEX T PANG ",0,1,"CS",NA
"1223",1223,"wYJOq-wAAAAJ","SIDNEY L SHAW ",0,1,"BIO",NA
"1224",1224,"w_Q7iBoAAAAJ","DAVID F KOTZ ",0,1,"CS",NA
"1225",1225,"X5hjyXgAAAAJ","JAY A TISCHFIELD ",0,1,"BIO",NA
"1226",1226,"x7viPbgAAAAJ","J JACK LEE ",0,1,"CS",NA
"1227",1227,"X8g6CdoAAAAJ","JAMES H MARDEN ",0,1,"BIO",NA
"1228",1228,"x9kzObUAAAAJ","TIMOTHY WALLACE BICKMORE ",0,1,"CS",NA
"1229",1229,"xBUSYEEAAAAJ","ANDREW ROBERT MARKS ",0,1,"BIO",NA
"1230",1230,"XB_ZhjUAAAAJ","LINDA R MAXSON ",0,1,"BIO",NA
"1231",1231,"XcD1ffwAAAAJ","LARRY ALAN WASSERMAN ",0,1,"CS",NA
"1232",1232,"xcV_89kAAAAJ","ALI SABERI ",0,1,"CS",NA
"1233",1233,"xdC-UDMAAAAJ","J RENE VILLALOBOS ",0,1,"CS",NA
"1234",1234,"xdIRtREAAAAJ","MICHAEL C OSTROWSKI ",0,1,"BIO",NA
"1235",1235,"xe0eVksAAAAJ","PANKAJ K AGARWAL ",0,1,"CS",NA
"1236",1236,"XeUeJkkAAAAJ","GREGG ALAN HOWE ",0,1,"BIO",NA
"1237",1237,"XeyiyUYAAAAJ","MARGO I SELTZER ",0,1,"CS",NA
"1238",1238,"XF6Yk98AAAAJ","OREN ETZIONI ",0,1,"CS",NA
"1239",1239,"xf7_yNsAAAAJ","MANOJ PRASANNA KUMAR ",0,1,"CS",NA
"1240",1240,"XG6aM5EAAAAJ","SHAHID NAEEM ",0,1,"BIO",NA
"1241",1241,"xhaTxtcAAAAJ","AMOS RON ",0,1,"CS",NA
"1242",1242,"XjeIqxYAAAAJ","VIVEK N SARKAR ",0,1,"CS",NA
"1243",1243,"xj_f0-YAAAAJ","JOHN G FLANNERY ",0,1,"BIO",NA
"1244",1244,"xlfT8vcAAAAJ","DAVID G TILMAN ",0,1,"BIO",NA
"1245",1245,"XM97iScAAAAJ","IRFAN AZIZ ESSA ",0,1,"CS",NA
"1246",1246,"XMwdTIQAAAAJ","DAVID N BERATAN ",0,1,"BIO",NA
"1247",1247,"XtUBAtwAAAAJ","A ROBERT CALDERBANK ",0,1,"CS",NA
"1248",1248,"xXBPAdQAAAAJ","KATHLEEN M PRYER ",0,1,"BIO",NA
"1249",1249,"XxPA1LAAAAAJ","MICHAEL I KOTLIKOFF ",0,1,"BIO",NA
"1250",1250,"xYLmV7YAAAAJ","PHILLIP D ZAMORE ",0,1,"BIO",NA
"1251",1251,"XyQM8SkAAAAJ","PHILLIP COLELLA ",0,1,"CS",NA
"1252",1252,"XYy_Nm4AAAAJ","ALAN S WILLSKY ",0,1,"CS",NA
"1253",1253,"Xz8p2pIAAAAJ","DAVID A O'BROCHTA ",0,1,"BIO",NA
"1254",1254,"Y-KJRwoAAAAJ","PHILIP WILSON RUNDEL ",0,1,"BIO",NA
"1255",1255,"Y0E0lsgAAAAJ","MITCHELL WAND ",0,1,"CS",NA
"1256",1256,"y2-3xzQAAAAJ","THEODORE LYLE STECK ",0,1,"BIO",NA
"1257",1257,"Y4J5SOwAAAAJ","JAIDEEP SRIVASTAVA ",0,1,"CS",NA
"1258",1258,"y768HUkAAAAJ","GULTEKIN OZSOYOGLU ",0,1,"CS",NA
"1259",1259,"Y8FpsToAAAAJ","SALLIE WATSON CHISHOLM ",0,1,"BIO",NA
"1260",1260,"y9_QaxwAAAAJ","ERIC B KNOX ",0,1,"BIO",NA
"1261",1261,"yb-POEcAAAAJ","GUSTAVO ALEJANDRO STOLOVITZKY ",0,1,"BIO",NA
"1262",1262,"ybVTEEkAAAAJ","MISHA PAVEL ",0,1,"CS",NA
"1263",1263,"yCdoo65q6NMC","DAVID N ARNOSTI ",0,1,"BIO",NA
"1264",1264,"yDzXJC8AAAAJ","WILLIAM L KLEIN ",0,1,"BIO",NA
"1265",1265,"YE2tPHQAAAAJ","MICHAEL R BRENT ",0,1,"CS",NA
"1266",1266,"YeT0BYwAAAAJ","MARK W SPONG ",0,1,"CS",NA
"1267",1267,"yeWtnR4AAAAJ","NORMA WINDSOR ANDREWS ",0,1,"BIO",NA
"1268",1268,"yExdCbEAAAAJ","CAN ERKEY ",0,1,"BIO",NA
"1269",1269,"Yf5wVssAAAAJ","LANCE JEREMY FORTNOW ",0,1,"CS",NA
"1270",1270,"yi6DR64AAAAJ","WILLIAM H PRESS ",0,1,"CS",NA
"1271",1271,"yidpx3wAAAAJ","VINCENT A PIERIBONE ",0,1,"BIO",NA
"1272",1272,"YiTPFUsAAAAJ","RAUL ALFREDO URRUTIA ",0,1,"BIO",NA
"1273",1273,"YkIThXQAAAAJ","COLIN R PARRISH ",0,1,"BIO",NA
"1274",1274,"yl3L07sAAAAJ","SUBBARAO KAMBHAMPATI ",0,1,"CS",NA
"1275",1275,"ylt7Js8AAAAJ","FERRAN GARCIA-PICHEL ",0,1,"BIO",NA
"1276",1276,"Yn-Lm_QAAAAJ","JIN-YI CAI ",0,1,"CS",NA
"1277",1277,"yO59sggAAAAJ","DELIANG L WANG ",0,1,"CS",NA
"1278",1278,"YoXTlNIAAAAJ","KARIN M MUSIER-FORSYTH ",0,1,"BIO",NA
"1279",1279,"YPhI-YsAAAAJ","AMIHAI MOTRO ",0,1,"CS",NA
"1280",1280,"ypOvMY0AAAAJ","QUENTIN F STOUT ",0,1,"CS",NA
"1281",1281,"YQmUZgYAAAAJ","MARLENE ZUK ",0,1,"BIO",NA
"1282",1282,"yROWOrkAAAAJ","ROBERT DUDLEY ",0,1,"BIO",NA
"1283",1283,"YTJrQA4AAAAJ","GABRIEL ROBINS ",0,1,"CS",NA
"1284",1284,"zCO_h3cAAAAJ","ANDREW B KAHNG ",0,1,"CS",NA
"1285",1285,"YTvAfu4AAAAJ","JAMES F REYNOLDS ",0,1,"BIO",NA
"1286",1286,"ytXtLjkAAAAJ","BISWANATH MUKHERJEE ",0,1,"CS",NA
"1287",1287,"YTzrOAwAAAAJ","EMILY RUTH LIMAN ",0,1,"BIO",NA
"1288",1288,"yx0wJlIAAAAJ","WILLIAM G GRISWOLD ",0,1,"CS",NA
"1289",1289,"yxUduqMAAAAJ","MICHAEL I JORDAN ",0,1,"CS",NA
"1290",1290,"Yy5PenMAAAAJ","GERALD S WILKINSON ",0,1,"BIO",NA
"1291",1291,"Yy6xbCYAAAAJ","MARTI A HEARST ",0,1,"CS",NA
"1292",1292,"YYp9xfoAAAAJ","MARK L WILSON ",0,1,"BIO",NA
"1293",1293,"YZHj-Y4AAAAJ","WILLIAM JAMES DALLY ",0,1,"CS",NA
"1294",1294,"zkqz0_0AAAAJ","ANDREW ANDAI CHIEN ",0,1,"CS",NA
"1295",1295,"YzvXRfAAAAAJ","SUSAN H RODGER ",0,1,"CS",NA
"1296",1296,"z20nJRsAAAAJ","ARTURO CASADEVALL ",0,1,"BIO",NA
"1297",1297,"z4PNjW4AAAAJ","CATHERINE E CARR ",0,1,"BIO",NA
"1298",1298,"z5ovGi0AAAAJ","GARY L FIRESTONE ",0,1,"BIO",NA
"1299",1299,"Z6nLCukAAAAJ","GUY E BLELLOCH ",0,1,"CS",NA
"1300",1300,"z9t0tuoAAAAJ","ANDREW J HANSON ",0,1,"CS",NA
"1301",1301,"zdKmnYwAAAAJ","JENNIFER WIDOM ",0,1,"CS",NA
"1302",1302,"ZJxvr5kAAAAJ","MARIANA FEDERICA WOLFNER ",0,1,"BIO",NA
"1303",1303,"Zk0ouhgAAAAJ","WAYNE D BOWEN ",0,1,"BIO",NA
"1304",1304,"zLS4alQAAAAJ","BRUCE RICHARD LEVIN ",0,1,"BIO",NA
"1305",1305,"ZLTSUtsAAAAJ","SHELDON H JACOBSON ",0,1,"CS",NA
"1306",1306,"ZnHrz84AAAAJ","CRAIG M YOUNG ",0,1,"BIO",NA
"1307",1307,"ZNy346MAAAAJ","RAYMOND JOSEPH DESHAIES ",0,1,"BIO",NA
"1308",1308,"zO6kmIAAAAAJ","CHEE K YAP ",0,1,"CS",NA
"1309",1309,"ZP1S8FYAAAAJ","CYRUS REZA SAFINYA ",0,1,"BIO",NA
"1310",1310,"zrBpsoEAAAAJ","STEPHEN F KONIECZNY ",0,1,"BIO",NA
"1311",1311,"ZTkRs84AAAAJ","RAMESH GOVINDAN ",0,1,"CS",NA
"1312",1312,"ZTS2hocAAAAJ","RONALD P HART ",0,1,"BIO",NA
"1313",1313,"ZvmgIoEAAAAJ","LUCA COMAI ",0,1,"BIO",NA
"1314",1314,"ZVxO6IIAAAAJ","JAMES H MARTIN ",0,1,"CS",NA
"1315",1315,"zximQqQAAAAJ","SERGEI I SUKHAREV ",0,1,"BIO",NA
"1316",1316,"ZXxXKzAAAAAJ","OSCAR MARTIN APARICIO ",0,1,"BIO",NA
"1317",1317,"zxz_OGgAAAAJ","MICHAEL LEVITT ",0,1,"BIO",NA
"1318",1318,"zY1kmVIAAAAJ","NED SCOTT WINGREEN ",0,1,"BIO",NA
"1319",1319,"ZzWjYkEAAAAJ","ALAN THEODORE SHERMAN ",0,1,"CS",NA
"1320",1320,"_3qZty0AAAAJ","CLAUDIA NEUHAUSER ",0,1,"CS",NA
"1321",1321,"_4PzVMEAAAAJ","TERRY WAYNE SNELL ",0,1,"BIO",NA
"1322",1322,"_8DDVkAAAAAJ","KENNETH R KOEDINGER ",0,1,"CS",NA
"1323",1323,"_BSIZHAAAAAJ","JENNIFER LUNDELIUS WELCH ",0,1,"CS",NA
"1324",1324,"_ejcrb8AAAAJ","RONALD G ASKIN ",0,1,"CS",NA
"1325",1325,"_eOpPlQAAAAJ","ELIZABETH R HAUSER ",0,1,"BIO",NA
"1326",1326,"_Fah5fwAAAAJ","ALEX POTHEN ",0,1,"CS",NA
"1327",1327,"_nNBIGcAAAAJ","ROBERT A WELLER ",0,1,"CS",NA
"1328",1328,"_nX-7mUAAAAJ","ALAN M LAMBOWITZ ",0,1,"BIO",NA
"1329",1329,"_R2wQEkAAAAJ","DAVID ALLEN HAFLER ",0,1,"BIO",NA
"1330",1330,"_SEaWmkAAAAJ","HERBERT S CHASE ",0,1,"BIO",NA
"1331",1331,"_sFl-OoAAAAJ","ANN M HIRSCH ",0,1,"BIO",NA
"1332",1332,"_umQuNkAAAAJ","DAVID DICKINSON ACKERLY ",0,1,"BIO",NA
"1333",1333,"_vdf32oAAAAJ","LIANG TONG ",0,1,"BIO",NA
"1334",1334,"_WWra9AAAAAJ","SANDRA L SCHMID ",0,1,"BIO",NA
"1335",1335,"_Z12v2IAAAAJ","SHAMKANT B NAVATHE ",0,1,"CS",NA
